<?xml version="1.0" encoding="UTF-8"?>
<OASISReport xmlns="http://www.caiso.com/soa/OASISReport_v1.xsd">
<MessageHeader>
<TimeDate>2016-05-20T00:07:19-00:00</TimeDate>
<Source>OASIS</Source>
<Version>v20140401</Version>
</MessageHeader>
<MessagePayload>
<RTO>
<name>CAISO</name>
<REPORT_ITEM>
<REPORT_HEADER>
<SYSTEM>OASIS</SYSTEM>
<TZ>PPT</TZ>
<REPORT>SLD_REN_FCST</REPORT>
<MKT_TYPE>DAM</MKT_TYPE>
<UOM>MW</UOM>
<INTERVAL>ENDING</INTERVAL>
<SEC_PER_INTERVAL>3600</SEC_PER_INTERVAL>
</REPORT_HEADER>
<REPORT_DATA>
<DATA_ITEM>RENEW_FCST_DA_MW</DATA_ITEM>
<OPR_DATE>2016-05-19</OPR_DATE>
<INTERVAL_NUM>21</INTERVAL_NUM>
<INTERVAL_START_GMT>2016-05-20T03:00:00-00:00</INTERVAL_START_GMT>
<INTERVAL_END_GMT>2016-05-20T04:00:00-00:00</INTERVAL_END_GMT>
<VALUE>0.26</VALUE>
<TRADING_HUB>NP15</TRADING_HUB>
<RENEWABLE_TYPE>Solar</RENEWABLE_TYPE>
</REPORT_DATA>
<REPORT_DATA>
<DATA_ITEM>RENEW_FCST_DA_MW</DATA_ITEM>
<OPR_DATE>2016-05-19</OPR_DATE>
<INTERVAL_NUM>23</INTERVAL_NUM>
<INTERVAL_START_GMT>2016-05-20T05:00:00-00:00</INTERVAL_START_GMT>
<INTERVAL_END_GMT>2016-05-20T06:00:00-00:00</INTERVAL_END_GMT>
<VALUE>0</VALUE>
<TRADING_HUB>NP15</TRADING_HUB>
<RENEWABLE_TYPE>Solar</RENEWABLE_TYPE>
</REPORT_DATA>
<REPORT_DATA>
<DATA_ITEM>RENEW_FCST_DA_MW</DATA_ITEM>
<OPR_DATE>2016-05-19</OPR_DATE>
<INTERVAL_NUM>22</INTERVAL_NUM>
<INTERVAL_START_GMT>2016-05-20T04:00:00-00:00</INTERVAL_START_GMT>
<INTERVAL_END_GMT>2016-05-20T05:00:00-00:00</INTERVAL_END_GMT>
<VALUE>0</VALUE>
<TRADING_HUB>NP15</TRADING_HUB>
<RENEWABLE_TYPE>Solar</RENEWABLE_TYPE>
</REPORT_DATA>
<REPORT_DATA>
<DATA_ITEM>RENEW_FCST_DA_MW</DATA_ITEM>
<OPR_DATE>2016-05-19</OPR_DATE>
<INTERVAL_NUM>19</INTERVAL_NUM>
<INTERVAL_START_GMT>2016-05-20T01:00:00-00:00</INTERVAL_START_GMT>
<INTERVAL_END_GMT>2016-05-20T02:00:00-00:00</INTERVAL_END_GMT>
<VALUE>242.95</VALUE>
<TRADING_HUB>NP15</TRADING_HUB>
<RENEWABLE_TYPE>Solar</RENEWABLE_TYPE>
</REPORT_DATA>
<REPORT_DATA>
<DATA_ITEM>RENEW_FCST_DA_MW</DATA_ITEM>
<OPR_DATE>2016-05-19</OPR_DATE>
<INTERVAL_NUM>24</INTERVAL_NUM>
<INTERVAL_START_GMT>2016-05-20T06:00:00-00:00</INTERVAL_START_GMT>
<INTERVAL_END_GMT>2016-05-20T07:00:00-00:00</INTERVAL_END_GMT>
<VALUE>0</VALUE>
<TRADING_HUB>NP15</TRADING_HUB>
<RENEWABLE_TYPE>Solar</RENEWABLE_TYPE>
</REPORT_DATA>
<REPORT_DATA>
<DATA_ITEM>RENEW_FCST_DA_MW</DATA_ITEM>
<OPR_DATE>2016-05-19</OPR_DATE>
<INTERVAL_NUM>20</INTERVAL_NUM>
<INTERVAL_START_GMT>2016-05-20T02:00:00-00:00</INTERVAL_START_GMT>
<INTERVAL_END_GMT>2016-05-20T03:00:00-00:00</INTERVAL_END_GMT>
<VALUE>35.36</VALUE>
<TRADING_HUB>NP15</TRADING_HUB>
<RENEWABLE_TYPE>Solar</RENEWABLE_TYPE>
</REPORT_DATA>
</REPORT_ITEM>
<REPORT_ITEM>
<REPORT_HEADER>
<SYSTEM>OASIS</SYSTEM>
<TZ>PPT</TZ>
<REPORT>SLD_REN_FCST</REPORT>
<MKT_TYPE>DAM</MKT_TYPE>
<UOM>MW</UOM>
<INTERVAL>ENDING</INTERVAL>
<SEC_PER_INTERVAL>3600</SEC_PER_INTERVAL>
</REPORT_HEADER>
<REPORT_DATA>
<DATA_ITEM>RENEW_FCST_DA_MW</DATA_ITEM>
<OPR_DATE>2016-05-19</OPR_DATE>
<INTERVAL_NUM>20</INTERVAL_NUM>
<INTERVAL_START_GMT>2016-05-20T02:00:00-00:00</INTERVAL_START_GMT>
<INTERVAL_END_GMT>2016-05-20T03:00:00-00:00</INTERVAL_END_GMT>
<VALUE>1085.59</VALUE>
<TRADING_HUB>NP15</TRADING_HUB>
<RENEWABLE_TYPE>Wind</RENEWABLE_TYPE>
</REPORT_DATA>
<REPORT_DATA>
<DATA_ITEM>RENEW_FCST_DA_MW</DATA_ITEM>
<OPR_DATE>2016-05-19</OPR_DATE>
<INTERVAL_NUM>23</INTERVAL_NUM>
<INTERVAL_START_GMT>2016-05-20T05:00:00-00:00</INTERVAL_START_GMT>
<INTERVAL_END_GMT>2016-05-20T06:00:00-00:00</INTERVAL_END_GMT>
<VALUE>1112.46</VALUE>
<TRADING_HUB>NP15</TRADING_HUB>
<RENEWABLE_TYPE>Wind</RENEWABLE_TYPE>
</REPORT_DATA>
<REPORT_DATA>
<DATA_ITEM>RENEW_FCST_DA_MW</DATA_ITEM>
<OPR_DATE>2016-05-19</OPR_DATE>
<INTERVAL_NUM>19</INTERVAL_NUM>
<INTERVAL_START_GMT>2016-05-20T01:00:00-00:00</INTERVAL_START_GMT>
<INTERVAL_END_GMT>2016-05-20T02:00:00-00:00</INTERVAL_END_GMT>
<VALUE>1085.74</VALUE>
<TRADING_HUB>NP15</TRADING_HUB>
<RENEWABLE_TYPE>Wind</RENEWABLE_TYPE>
</REPORT_DATA>
<REPORT_DATA>
<DATA_ITEM>RENEW_FCST_DA_MW</DATA_ITEM>
<OPR_DATE>2016-05-19</OPR_DATE>
<INTERVAL_NUM>22</INTERVAL_NUM>
<INTERVAL_START_GMT>2016-05-20T04:00:00-00:00</INTERVAL_START_GMT>
<INTERVAL_END_GMT>2016-05-20T05:00:00-00:00</INTERVAL_END_GMT>
<VALUE>1105.35</VALUE>
<TRADING_HUB>NP15</TRADING_HUB>
<RENEWABLE_TYPE>Wind</RENEWABLE_TYPE>
</REPORT_DATA>
<REPORT_DATA>
<DATA_ITEM>RENEW_FCST_DA_MW</DATA_ITEM>
<OPR_DATE>2016-05-19</OPR_DATE>
<INTERVAL_NUM>21</INTERVAL_NUM>
<INTERVAL_START_GMT>2016-05-20T03:00:00-00:00</INTERVAL_START_GMT>
<INTERVAL_END_GMT>2016-05-20T04:00:00-00:00</INTERVAL_END_GMT>
<VALUE>1100.8</VALUE>
<TRADING_HUB>NP15</TRADING_HUB>
<RENEWABLE_TYPE>Wind</RENEWABLE_TYPE>
</REPORT_DATA>
<REPORT_DATA>
<DATA_ITEM>RENEW_FCST_DA_MW</DATA_ITEM>
<OPR_DATE>2016-05-19</OPR_DATE>
<INTERVAL_NUM>24</INTERVAL_NUM>
<INTERVAL_START_GMT>2016-05-20T06:00:00-00:00</INTERVAL_START_GMT>
<INTERVAL_END_GMT>2016-05-20T07:00:00-00:00</INTERVAL_END_GMT>
<VALUE>1093.54</VALUE>
<TRADING_HUB>NP15</TRADING_HUB>
<RENEWABLE_TYPE>Wind</RENEWABLE_TYPE>
</REPORT_DATA>
</REPORT_ITEM>
<REPORT_ITEM>
<REPORT_HEADER>
<SYSTEM>OASIS</SYSTEM>
<TZ>PPT</TZ>
<REPORT>SLD_REN_FCST</REPORT>
<MKT_TYPE>DAM</MKT_TYPE>
<UOM>MW</UOM>
<INTERVAL>ENDING</INTERVAL>
<SEC_PER_INTERVAL>3600</SEC_PER_INTERVAL>
</REPORT_HEADER>
<REPORT_DATA>
<DATA_ITEM>RENEW_FCST_DA_MW</DATA_ITEM>
<OPR_DATE>2016-05-19</OPR_DATE>
<INTERVAL_NUM>21</INTERVAL_NUM>
<INTERVAL_START_GMT>2016-05-20T03:00:00-00:00</INTERVAL_START_GMT>
<INTERVAL_END_GMT>2016-05-20T04:00:00-00:00</INTERVAL_END_GMT>
<VALUE>0</VALUE>
<TRADING_HUB>SP15</TRADING_HUB>
<RENEWABLE_TYPE>Solar</RENEWABLE_TYPE>
</REPORT_DATA>
<REPORT_DATA>
<DATA_ITEM>RENEW_FCST_DA_MW</DATA_ITEM>
<OPR_DATE>2016-05-19</OPR_DATE>
<INTERVAL_NUM>19</INTERVAL_NUM>
<INTERVAL_START_GMT>2016-05-20T01:00:00-00:00</INTERVAL_START_GMT>
<INTERVAL_END_GMT>2016-05-20T02:00:00-00:00</INTERVAL_END_GMT>
<VALUE>1328.75</VALUE>
<TRADING_HUB>SP15</TRADING_HUB>
<RENEWABLE_TYPE>Solar</RENEWABLE_TYPE>
</REPORT_DATA>
<REPORT_DATA>
<DATA_ITEM>RENEW_FCST_DA_MW</DATA_ITEM>
<OPR_DATE>2016-05-19</OPR_DATE>
<INTERVAL_NUM>23</INTERVAL_NUM>
<INTERVAL_START_GMT>2016-05-20T05:00:00-00:00</INTERVAL_START_GMT>
<INTERVAL_END_GMT>2016-05-20T06:00:00-00:00</INTERVAL_END_GMT>
<VALUE>0</VALUE>
<TRADING_HUB>SP15</TRADING_HUB>
<RENEWABLE_TYPE>Solar</RENEWABLE_TYPE>
</REPORT_DATA>
<REPORT_DATA>
<DATA_ITEM>RENEW_FCST_DA_MW</DATA_ITEM>
<OPR_DATE>2016-05-19</OPR_DATE>
<INTERVAL_NUM>20</INTERVAL_NUM>
<INTERVAL_START_GMT>2016-05-20T02:00:00-00:00</INTERVAL_START_GMT>
<INTERVAL_END_GMT>2016-05-20T03:00:00-00:00</INTERVAL_END_GMT>
<VALUE>164.85</VALUE>
<TRADING_HUB>SP15</TRADING_HUB>
<RENEWABLE_TYPE>Solar</RENEWABLE_TYPE>
</REPORT_DATA>
<REPORT_DATA>
<DATA_ITEM>RENEW_FCST_DA_MW</DATA_ITEM>
<OPR_DATE>2016-05-19</OPR_DATE>
<INTERVAL_NUM>24</INTERVAL_NUM>
<INTERVAL_START_GMT>2016-05-20T06:00:00-00:00</INTERVAL_START_GMT>
<INTERVAL_END_GMT>2016-05-20T07:00:00-00:00</INTERVAL_END_GMT>
<VALUE>0</VALUE>
<TRADING_HUB>SP15</TRADING_HUB>
<RENEWABLE_TYPE>Solar</RENEWABLE_TYPE>
</REPORT_DATA>
<REPORT_DATA>
<DATA_ITEM>RENEW_FCST_DA_MW</DATA_ITEM>
<OPR_DATE>2016-05-19</OPR_DATE>
<INTERVAL_NUM>22</INTERVAL_NUM>
<INTERVAL_START_GMT>2016-05-20T04:00:00-00:00</INTERVAL_START_GMT>
<INTERVAL_END_GMT>2016-05-20T05:00:00-00:00</INTERVAL_END_GMT>
<VALUE>0</VALUE>
<TRADING_HUB>SP15</TRADING_HUB>
<RENEWABLE_TYPE>Solar</RENEWABLE_TYPE>
</REPORT_DATA>
</REPORT_ITEM>
<REPORT_ITEM>
<REPORT_HEADER>
<SYSTEM>OASIS</SYSTEM>
<TZ>PPT</TZ>
<REPORT>SLD_REN_FCST</REPORT>
<MKT_TYPE>DAM</MKT_TYPE>
<UOM>MW</UOM>
<INTERVAL>ENDING</INTERVAL>
<SEC_PER_INTERVAL>3600</SEC_PER_INTERVAL>
</REPORT_HEADER>
<REPORT_DATA>
<DATA_ITEM>RENEW_FCST_DA_MW</DATA_ITEM>
<OPR_DATE>2016-05-19</OPR_DATE>
<INTERVAL_NUM>22</INTERVAL_NUM>
<INTERVAL_START_GMT>2016-05-20T04:00:00-00:00</INTERVAL_START_GMT>
<INTERVAL_END_GMT>2016-05-20T05:00:00-00:00</INTERVAL_END_GMT>
<VALUE>1982.96</VALUE>
<TRADING_HUB>SP15</TRADING_HUB>
<RENEWABLE_TYPE>Wind</RENEWABLE_TYPE>
</REPORT_DATA>
<REPORT_DATA>
<DATA_ITEM>RENEW_FCST_DA_MW</DATA_ITEM>
<OPR_DATE>2016-05-19</OPR_DATE>
<INTERVAL_NUM>21</INTERVAL_NUM>
<INTERVAL_START_GMT>2016-05-20T03:00:00-00:00</INTERVAL_START_GMT>
<INTERVAL_END_GMT>2016-05-20T04:00:00-00:00</INTERVAL_END_GMT>
<VALUE>2093.94</VALUE>
<TRADING_HUB>SP15</TRADING_HUB>
<RENEWABLE_TYPE>Wind</RENEWABLE_TYPE>
</REPORT_DATA>
<REPORT_DATA>
<DATA_ITEM>RENEW_FCST_DA_MW</DATA_ITEM>
<OPR_DATE>2016-05-19</OPR_DATE>
<INTERVAL_NUM>20</INTERVAL_NUM>
<INTERVAL_START_GMT>2016-05-20T02:00:00-00:00</INTERVAL_START_GMT>
<INTERVAL_END_GMT>2016-05-20T03:00:00-00:00</INTERVAL_END_GMT>
<VALUE>2167.06</VALUE>
<TRADING_HUB>SP15</TRADING_HUB>
<RENEWABLE_TYPE>Wind</RENEWABLE_TYPE>
</REPORT_DATA>
<REPORT_DATA>
<DATA_ITEM>RENEW_FCST_DA_MW</DATA_ITEM>
<OPR_DATE>2016-05-19</OPR_DATE>
<INTERVAL_NUM>19</INTERVAL_NUM>
<INTERVAL_START_GMT>2016-05-20T01:00:00-00:00</INTERVAL_START_GMT>
<INTERVAL_END_GMT>2016-05-20T02:00:00-00:00</INTERVAL_END_GMT>
<VALUE>2295.86</VALUE>
<TRADING_HUB>SP15</TRADING_HUB>
<RENEWABLE_TYPE>Wind</RENEWABLE_TYPE>
</REPORT_DATA>
<REPORT_DATA>
<DATA_ITEM>RENEW_FCST_DA_MW</DATA_ITEM>
<OPR_DATE>2016-05-19</OPR_DATE>
<INTERVAL_NUM>24</INTERVAL_NUM>
<INTERVAL_START_GMT>2016-05-20T06:00:00-00:00</INTERVAL_START_GMT>
<INTERVAL_END_GMT>2016-05-20T07:00:00-00:00</INTERVAL_END_GMT>
<VALUE>1820.88</VALUE>
<TRADING_HUB>SP15</TRADING_HUB>
<RENEWABLE_TYPE>Wind</RENEWABLE_TYPE>
</REPORT_DATA>
<REPORT_DATA>
<DATA_ITEM>RENEW_FCST_DA_MW</DATA_ITEM>
<OPR_DATE>2016-05-19</OPR_DATE>
<INTERVAL_NUM>23</INTERVAL_NUM>
<INTERVAL_START_GMT>2016-05-20T05:00:00-00:00</INTERVAL_START_GMT>
<INTERVAL_END_GMT>2016-05-20T06:00:00-00:00</INTERVAL_END_GMT>
<VALUE>1883.55</VALUE>
<TRADING_HUB>SP15</TRADING_HUB>
<RENEWABLE_TYPE>Wind</RENEWABLE_TYPE>
</REPORT_DATA>
</REPORT_ITEM>
<REPORT_ITEM>
<REPORT_HEADER>
<SYSTEM>OASIS</SYSTEM>
<TZ>PPT</TZ>
<REPORT>SLD_REN_FCST</REPORT>
<MKT_TYPE>DAM</MKT_TYPE>
<UOM>MW</UOM>
<INTERVAL>ENDING</INTERVAL>
<SEC_PER_INTERVAL>3600</SEC_PER_INTERVAL>
</REPORT_HEADER>
<REPORT_DATA>
<DATA_ITEM>RENEW_FCST_DA_MW</DATA_ITEM>
<OPR_DATE>2016-05-19</OPR_DATE>
<INTERVAL_NUM>23</INTERVAL_NUM>
<INTERVAL_START_GMT>2016-05-20T05:00:00-00:00</INTERVAL_START_GMT>
<INTERVAL_END_GMT>2016-05-20T06:00:00-00:00</INTERVAL_END_GMT>
<VALUE>0</VALUE>
<TRADING_HUB>ZP26</TRADING_HUB>
<RENEWABLE_TYPE>Solar</RENEWABLE_TYPE>
</REPORT_DATA>
<REPORT_DATA>
<DATA_ITEM>RENEW_FCST_DA_MW</DATA_ITEM>
<OPR_DATE>2016-05-19</OPR_DATE>
<INTERVAL_NUM>21</INTERVAL_NUM>
<INTERVAL_START_GMT>2016-05-20T03:00:00-00:00</INTERVAL_START_GMT>
<INTERVAL_END_GMT>2016-05-20T04:00:00-00:00</INTERVAL_END_GMT>
<VALUE>0.6</VALUE>
<TRADING_HUB>ZP26</TRADING_HUB>
<RENEWABLE_TYPE>Solar</RENEWABLE_TYPE>
</REPORT_DATA>
<REPORT_DATA>
<DATA_ITEM>RENEW_FCST_DA_MW</DATA_ITEM>
<OPR_DATE>2016-05-19</OPR_DATE>
<INTERVAL_NUM>20</INTERVAL_NUM>
<INTERVAL_START_GMT>2016-05-20T02:00:00-00:00</INTERVAL_START_GMT>
<INTERVAL_END_GMT>2016-05-20T03:00:00-00:00</INTERVAL_END_GMT>
<VALUE>31.28</VALUE>
<TRADING_HUB>ZP26</TRADING_HUB>
<RENEWABLE_TYPE>Solar</RENEWABLE_TYPE>
</REPORT_DATA>
<REPORT_DATA>
<DATA_ITEM>RENEW_FCST_DA_MW</DATA_ITEM>
<OPR_DATE>2016-05-19</OPR_DATE>
<INTERVAL_NUM>19</INTERVAL_NUM>
<INTERVAL_START_GMT>2016-05-20T01:00:00-00:00</INTERVAL_START_GMT>
<INTERVAL_END_GMT>2016-05-20T02:00:00-00:00</INTERVAL_END_GMT>
<VALUE>253.65</VALUE>
<TRADING_HUB>ZP26</TRADING_HUB>
<RENEWABLE_TYPE>Solar</RENEWABLE_TYPE>
</REPORT_DATA>
<REPORT_DATA>
<DATA_ITEM>RENEW_FCST_DA_MW</DATA_ITEM>
<OPR_DATE>2016-05-19</OPR_DATE>
<INTERVAL_NUM>24</INTERVAL_NUM>
<INTERVAL_START_GMT>2016-05-20T06:00:00-00:00</INTERVAL_START_GMT>
<INTERVAL_END_GMT>2016-05-20T07:00:00-00:00</INTERVAL_END_GMT>
<VALUE>0</VALUE>
<TRADING_HUB>ZP26</TRADING_HUB>
<RENEWABLE_TYPE>Solar</RENEWABLE_TYPE>
</REPORT_DATA>
<REPORT_DATA>
<DATA_ITEM>RENEW_FCST_DA_MW</DATA_ITEM>
<OPR_DATE>2016-05-19</OPR_DATE>
<INTERVAL_NUM>22</INTERVAL_NUM>
<INTERVAL_START_GMT>2016-05-20T04:00:00-00:00</INTERVAL_START_GMT>
<INTERVAL_END_GMT>2016-05-20T05:00:00-00:00</INTERVAL_END_GMT>
<VALUE>0</VALUE>
<TRADING_HUB>ZP26</TRADING_HUB>
<RENEWABLE_TYPE>Solar</RENEWABLE_TYPE>
</REPORT_DATA>
</REPORT_ITEM>
<REPORT_ITEM>
<REPORT_HEADER>
<SYSTEM>OASIS</SYSTEM>
<TZ>PPT</TZ>
<REPORT>SLD_REN_FCST</REPORT>
<MKT_TYPE>DAM</MKT_TYPE>
<UOM>MW</UOM>
<INTERVAL>ENDING</INTERVAL>
<SEC_PER_INTERVAL>3600</SEC_PER_INTERVAL>
</REPORT_HEADER>
<REPORT_DATA>
<DATA_ITEM>RENEW_FCST_DA_MW</DATA_ITEM>
<OPR_DATE>2016-05-20</OPR_DATE>
<INTERVAL_NUM>1</INTERVAL_NUM>
<INTERVAL_START_GMT>2016-05-20T07:00:00-00:00</INTERVAL_START_GMT>
<INTERVAL_END_GMT>2016-05-20T08:00:00-00:00</INTERVAL_END_GMT>
<VALUE>0</VALUE>
<TRADING_HUB>NP15</TRADING_HUB>
<RENEWABLE_TYPE>Solar</RENEWABLE_TYPE>
</REPORT_DATA>
<REPORT_DATA>
<DATA_ITEM>RENEW_FCST_DA_MW</DATA_ITEM>
<OPR_DATE>2016-05-20</OPR_DATE>
<INTERVAL_NUM>2</INTERVAL_NUM>
<INTERVAL_START_GMT>2016-05-20T08:00:00-00:00</INTERVAL_START_GMT>
<INTERVAL_END_GMT>2016-05-20T09:00:00-00:00</INTERVAL_END_GMT>
<VALUE>0</VALUE>
<TRADING_HUB>NP15</TRADING_HUB>
<RENEWABLE_TYPE>Solar</RENEWABLE_TYPE>
</REPORT_DATA>
<REPORT_DATA>
<DATA_ITEM>RENEW_FCST_DA_MW</DATA_ITEM>
<OPR_DATE>2016-05-20</OPR_DATE>
<INTERVAL_NUM>3</INTERVAL_NUM>
<INTERVAL_START_GMT>2016-05-20T09:00:00-00:00</INTERVAL_START_GMT>
<INTERVAL_END_GMT>2016-05-20T10:00:00-00:00</INTERVAL_END_GMT>
<VALUE>0</VALUE>
<TRADING_HUB>NP15</TRADING_HUB>
<RENEWABLE_TYPE>Solar</RENEWABLE_TYPE>
</REPORT_DATA>
<REPORT_DATA>
<DATA_ITEM>RENEW_FCST_DA_MW</DATA_ITEM>
<OPR_DATE>2016-05-20</OPR_DATE>
<INTERVAL_NUM>4</INTERVAL_NUM>
<INTERVAL_START_GMT>2016-05-20T10:00:00-00:00</INTERVAL_START_GMT>
<INTERVAL_END_GMT>2016-05-20T11:00:00-00:00</INTERVAL_END_GMT>
<VALUE>0</VALUE>
<TRADING_HUB>NP15</TRADING_HUB>
<RENEWABLE_TYPE>Solar</RENEWABLE_TYPE>
</REPORT_DATA>
<REPORT_DATA>
<DATA_ITEM>RENEW_FCST_DA_MW</DATA_ITEM>
<OPR_DATE>2016-05-20</OPR_DATE>
<INTERVAL_NUM>5</INTERVAL_NUM>
<INTERVAL_START_GMT>2016-05-20T11:00:00-00:00</INTERVAL_START_GMT>
<INTERVAL_END_GMT>2016-05-20T12:00:00-00:00</INTERVAL_END_GMT>
<VALUE>0</VALUE>
<TRADING_HUB>NP15</TRADING_HUB>
<RENEWABLE_TYPE>Solar</RENEWABLE_TYPE>
</REPORT_DATA>
<REPORT_DATA>
<DATA_ITEM>RENEW_FCST_DA_MW</DATA_ITEM>
<OPR_DATE>2016-05-20</OPR_DATE>
<INTERVAL_NUM>6</INTERVAL_NUM>
<INTERVAL_START_GMT>2016-05-20T12:00:00-00:00</INTERVAL_START_GMT>
<INTERVAL_END_GMT>2016-05-20T13:00:00-00:00</INTERVAL_END_GMT>
<VALUE>0.13</VALUE>
<TRADING_HUB>NP15</TRADING_HUB>
<RENEWABLE_TYPE>Solar</RENEWABLE_TYPE>
</REPORT_DATA>
<REPORT_DATA>
<DATA_ITEM>RENEW_FCST_DA_MW</DATA_ITEM>
<OPR_DATE>2016-05-20</OPR_DATE>
<INTERVAL_NUM>7</INTERVAL_NUM>
<INTERVAL_START_GMT>2016-05-20T13:00:00-00:00</INTERVAL_START_GMT>
<INTERVAL_END_GMT>2016-05-20T14:00:00-00:00</INTERVAL_END_GMT>
<VALUE>46.68</VALUE>
<TRADING_HUB>NP15</TRADING_HUB>
<RENEWABLE_TYPE>Solar</RENEWABLE_TYPE>
</REPORT_DATA>
<REPORT_DATA>
<DATA_ITEM>RENEW_FCST_DA_MW</DATA_ITEM>
<OPR_DATE>2016-05-20</OPR_DATE>
<INTERVAL_NUM>8</INTERVAL_NUM>
<INTERVAL_START_GMT>2016-05-20T14:00:00-00:00</INTERVAL_START_GMT>
<INTERVAL_END_GMT>2016-05-20T15:00:00-00:00</INTERVAL_END_GMT>
<VALUE>265.75</VALUE>
<TRADING_HUB>NP15</TRADING_HUB>
<RENEWABLE_TYPE>Solar</RENEWABLE_TYPE>
</REPORT_DATA>
<REPORT_DATA>
<DATA_ITEM>RENEW_FCST_DA_MW</DATA_ITEM>
<OPR_DATE>2016-05-20</OPR_DATE>
<INTERVAL_NUM>9</INTERVAL_NUM>
<INTERVAL_START_GMT>2016-05-20T15:00:00-00:00</INTERVAL_START_GMT>
<INTERVAL_END_GMT>2016-05-20T16:00:00-00:00</INTERVAL_END_GMT>
<VALUE>412.69</VALUE>
<TRADING_HUB>NP15</TRADING_HUB>
<RENEWABLE_TYPE>Solar</RENEWABLE_TYPE>
</REPORT_DATA>
<REPORT_DATA>
<DATA_ITEM>RENEW_FCST_DA_MW</DATA_ITEM>
<OPR_DATE>2016-05-20</OPR_DATE>
<INTERVAL_NUM>10</INTERVAL_NUM>
<INTERVAL_START_GMT>2016-05-20T16:00:00-00:00</INTERVAL_START_GMT>
<INTERVAL_END_GMT>2016-05-20T17:00:00-00:00</INTERVAL_END_GMT>
<VALUE>477.06</VALUE>
<TRADING_HUB>NP15</TRADING_HUB>
<RENEWABLE_TYPE>Solar</RENEWABLE_TYPE>
</REPORT_DATA>
<REPORT_DATA>
<DATA_ITEM>RENEW_FCST_DA_MW</DATA_ITEM>
<OPR_DATE>2016-05-20</OPR_DATE>
<INTERVAL_NUM>11</INTERVAL_NUM>
<INTERVAL_START_GMT>2016-05-20T17:00:00-00:00</INTERVAL_START_GMT>
<INTERVAL_END_GMT>2016-05-20T18:00:00-00:00</INTERVAL_END_GMT>
<VALUE>517.8</VALUE>
<TRADING_HUB>NP15</TRADING_HUB>
<RENEWABLE_TYPE>Solar</RENEWABLE_TYPE>
</REPORT_DATA>
<REPORT_DATA>
<DATA_ITEM>RENEW_FCST_DA_MW</DATA_ITEM>
<OPR_DATE>2016-05-20</OPR_DATE>
<INTERVAL_NUM>12</INTERVAL_NUM>
<INTERVAL_START_GMT>2016-05-20T18:00:00-00:00</INTERVAL_START_GMT>
<INTERVAL_END_GMT>2016-05-20T19:00:00-00:00</INTERVAL_END_GMT>
<VALUE>559.79</VALUE>
<TRADING_HUB>NP15</TRADING_HUB>
<RENEWABLE_TYPE>Solar</RENEWABLE_TYPE>
</REPORT_DATA>
<REPORT_DATA>
<DATA_ITEM>RENEW_FCST_DA_MW</DATA_ITEM>
<OPR_DATE>2016-05-20</OPR_DATE>
<INTERVAL_NUM>13</INTERVAL_NUM>
<INTERVAL_START_GMT>2016-05-20T19:00:00-00:00</INTERVAL_START_GMT>
<INTERVAL_END_GMT>2016-05-20T20:00:00-00:00</INTERVAL_END_GMT>
<VALUE>577.05</VALUE>
<TRADING_HUB>NP15</TRADING_HUB>
<RENEWABLE_TYPE>Solar</RENEWABLE_TYPE>
</REPORT_DATA>
<REPORT_DATA>
<DATA_ITEM>RENEW_FCST_DA_MW</DATA_ITEM>
<OPR_DATE>2016-05-20</OPR_DATE>
<INTERVAL_NUM>14</INTERVAL_NUM>
<INTERVAL_START_GMT>2016-05-20T20:00:00-00:00</INTERVAL_START_GMT>
<INTERVAL_END_GMT>2016-05-20T21:00:00-00:00</INTERVAL_END_GMT>
<VALUE>558.45</VALUE>
<TRADING_HUB>NP15</TRADING_HUB>
<RENEWABLE_TYPE>Solar</RENEWABLE_TYPE>
</REPORT_DATA>
<REPORT_DATA>
<DATA_ITEM>RENEW_FCST_DA_MW</DATA_ITEM>
<OPR_DATE>2016-05-20</OPR_DATE>
<INTERVAL_NUM>15</INTERVAL_NUM>
<INTERVAL_START_GMT>2016-05-20T21:00:00-00:00</INTERVAL_START_GMT>
<INTERVAL_END_GMT>2016-05-20T22:00:00-00:00</INTERVAL_END_GMT>
<VALUE>531.86</VALUE>
<TRADING_HUB>NP15</TRADING_HUB>
<RENEWABLE_TYPE>Solar</RENEWABLE_TYPE>
</REPORT_DATA>
<REPORT_DATA>
<DATA_ITEM>RENEW_FCST_DA_MW</DATA_ITEM>
<OPR_DATE>2016-05-20</OPR_DATE>
<INTERVAL_NUM>16</INTERVAL_NUM>
<INTERVAL_START_GMT>2016-05-20T22:00:00-00:00</INTERVAL_START_GMT>
<INTERVAL_END_GMT>2016-05-20T23:00:00-00:00</INTERVAL_END_GMT>
<VALUE>471.47</VALUE>
<TRADING_HUB>NP15</TRADING_HUB>
<RENEWABLE_TYPE>Solar</RENEWABLE_TYPE>
</REPORT_DATA>
<REPORT_DATA>
<DATA_ITEM>RENEW_FCST_DA_MW</DATA_ITEM>
<OPR_DATE>2016-05-20</OPR_DATE>
<INTERVAL_NUM>17</INTERVAL_NUM>
<INTERVAL_START_GMT>2016-05-20T23:00:00-00:00</INTERVAL_START_GMT>
<INTERVAL_END_GMT>2016-05-21T00:00:00-00:00</INTERVAL_END_GMT>
<VALUE>412.47</VALUE>
<TRADING_HUB>NP15</TRADING_HUB>
<RENEWABLE_TYPE>Solar</RENEWABLE_TYPE>
</REPORT_DATA>
<REPORT_DATA>
<DATA_ITEM>RENEW_FCST_DA_MW</DATA_ITEM>
<OPR_DATE>2016-05-20</OPR_DATE>
<INTERVAL_NUM>18</INTERVAL_NUM>
<INTERVAL_START_GMT>2016-05-21T00:00:00-00:00</INTERVAL_START_GMT>
<INTERVAL_END_GMT>2016-05-21T01:00:00-00:00</INTERVAL_END_GMT>
<VALUE>333.65</VALUE>
<TRADING_HUB>NP15</TRADING_HUB>
<RENEWABLE_TYPE>Solar</RENEWABLE_TYPE>
</REPORT_DATA>
</REPORT_ITEM>
<REPORT_ITEM>
<REPORT_HEADER>
<SYSTEM>OASIS</SYSTEM>
<TZ>PPT</TZ>
<REPORT>SLD_REN_FCST</REPORT>
<MKT_TYPE>DAM</MKT_TYPE>
<UOM>MW</UOM>
<INTERVAL>ENDING</INTERVAL>
<SEC_PER_INTERVAL>3600</SEC_PER_INTERVAL>
</REPORT_HEADER>
<REPORT_DATA>
<DATA_ITEM>RENEW_FCST_DA_MW</DATA_ITEM>
<OPR_DATE>2016-05-20</OPR_DATE>
<INTERVAL_NUM>1</INTERVAL_NUM>
<INTERVAL_START_GMT>2016-05-20T07:00:00-00:00</INTERVAL_START_GMT>
<INTERVAL_END_GMT>2016-05-20T08:00:00-00:00</INTERVAL_END_GMT>
<VALUE>1092.85</VALUE>
<TRADING_HUB>NP15</TRADING_HUB>
<RENEWABLE_TYPE>Wind</RENEWABLE_TYPE>
</REPORT_DATA>
<REPORT_DATA>
<DATA_ITEM>RENEW_FCST_DA_MW</DATA_ITEM>
<OPR_DATE>2016-05-20</OPR_DATE>
<INTERVAL_NUM>18</INTERVAL_NUM>
<INTERVAL_START_GMT>2016-05-21T00:00:00-00:00</INTERVAL_START_GMT>
<INTERVAL_END_GMT>2016-05-21T01:00:00-00:00</INTERVAL_END_GMT>
<VALUE>1040.7</VALUE>
<TRADING_HUB>NP15</TRADING_HUB>
<RENEWABLE_TYPE>Wind</RENEWABLE_TYPE>
</REPORT_DATA>
<REPORT_DATA>
<DATA_ITEM>RENEW_FCST_DA_MW</DATA_ITEM>
<OPR_DATE>2016-05-20</OPR_DATE>
<INTERVAL_NUM>3</INTERVAL_NUM>
<INTERVAL_START_GMT>2016-05-20T09:00:00-00:00</INTERVAL_START_GMT>
<INTERVAL_END_GMT>2016-05-20T10:00:00-00:00</INTERVAL_END_GMT>
<VALUE>1027.06</VALUE>
<TRADING_HUB>NP15</TRADING_HUB>
<RENEWABLE_TYPE>Wind</RENEWABLE_TYPE>
</REPORT_DATA>
<REPORT_DATA>
<DATA_ITEM>RENEW_FCST_DA_MW</DATA_ITEM>
<OPR_DATE>2016-05-20</OPR_DATE>
<INTERVAL_NUM>4</INTERVAL_NUM>
<INTERVAL_START_GMT>2016-05-20T10:00:00-00:00</INTERVAL_START_GMT>
<INTERVAL_END_GMT>2016-05-20T11:00:00-00:00</INTERVAL_END_GMT>
<VALUE>985.95</VALUE>
<TRADING_HUB>NP15</TRADING_HUB>
<RENEWABLE_TYPE>Wind</RENEWABLE_TYPE>
</REPORT_DATA>
<REPORT_DATA>
<DATA_ITEM>RENEW_FCST_DA_MW</DATA_ITEM>
<OPR_DATE>2016-05-20</OPR_DATE>
<INTERVAL_NUM>5</INTERVAL_NUM>
<INTERVAL_START_GMT>2016-05-20T11:00:00-00:00</INTERVAL_START_GMT>
<INTERVAL_END_GMT>2016-05-20T12:00:00-00:00</INTERVAL_END_GMT>
<VALUE>919.64</VALUE>
<TRADING_HUB>NP15</TRADING_HUB>
<RENEWABLE_TYPE>Wind</RENEWABLE_TYPE>
</REPORT_DATA>
<REPORT_DATA>
<DATA_ITEM>RENEW_FCST_DA_MW</DATA_ITEM>
<OPR_DATE>2016-05-20</OPR_DATE>
<INTERVAL_NUM>6</INTERVAL_NUM>
<INTERVAL_START_GMT>2016-05-20T12:00:00-00:00</INTERVAL_START_GMT>
<INTERVAL_END_GMT>2016-05-20T13:00:00-00:00</INTERVAL_END_GMT>
<VALUE>867.09</VALUE>
<TRADING_HUB>NP15</TRADING_HUB>
<RENEWABLE_TYPE>Wind</RENEWABLE_TYPE>
</REPORT_DATA>
<REPORT_DATA>
<DATA_ITEM>RENEW_FCST_DA_MW</DATA_ITEM>
<OPR_DATE>2016-05-20</OPR_DATE>
<INTERVAL_NUM>7</INTERVAL_NUM>
<INTERVAL_START_GMT>2016-05-20T13:00:00-00:00</INTERVAL_START_GMT>
<INTERVAL_END_GMT>2016-05-20T14:00:00-00:00</INTERVAL_END_GMT>
<VALUE>796.44</VALUE>
<TRADING_HUB>NP15</TRADING_HUB>
<RENEWABLE_TYPE>Wind</RENEWABLE_TYPE>
</REPORT_DATA>
<REPORT_DATA>
<DATA_ITEM>RENEW_FCST_DA_MW</DATA_ITEM>
<OPR_DATE>2016-05-20</OPR_DATE>
<INTERVAL_NUM>8</INTERVAL_NUM>
<INTERVAL_START_GMT>2016-05-20T14:00:00-00:00</INTERVAL_START_GMT>
<INTERVAL_END_GMT>2016-05-20T15:00:00-00:00</INTERVAL_END_GMT>
<VALUE>741.19</VALUE>
<TRADING_HUB>NP15</TRADING_HUB>
<RENEWABLE_TYPE>Wind</RENEWABLE_TYPE>
</REPORT_DATA>
<REPORT_DATA>
<DATA_ITEM>RENEW_FCST_DA_MW</DATA_ITEM>
<OPR_DATE>2016-05-20</OPR_DATE>
<INTERVAL_NUM>9</INTERVAL_NUM>
<INTERVAL_START_GMT>2016-05-20T15:00:00-00:00</INTERVAL_START_GMT>
<INTERVAL_END_GMT>2016-05-20T16:00:00-00:00</INTERVAL_END_GMT>
<VALUE>632.32</VALUE>
<TRADING_HUB>NP15</TRADING_HUB>
<RENEWABLE_TYPE>Wind</RENEWABLE_TYPE>
</REPORT_DATA>
<REPORT_DATA>
<DATA_ITEM>RENEW_FCST_DA_MW</DATA_ITEM>
<OPR_DATE>2016-05-20</OPR_DATE>
<INTERVAL_NUM>10</INTERVAL_NUM>
<INTERVAL_START_GMT>2016-05-20T16:00:00-00:00</INTERVAL_START_GMT>
<INTERVAL_END_GMT>2016-05-20T17:00:00-00:00</INTERVAL_END_GMT>
<VALUE>538.57</VALUE>
<TRADING_HUB>NP15</TRADING_HUB>
<RENEWABLE_TYPE>Wind</RENEWABLE_TYPE>
</REPORT_DATA>
<REPORT_DATA>
<DATA_ITEM>RENEW_FCST_DA_MW</DATA_ITEM>
<OPR_DATE>2016-05-20</OPR_DATE>
<INTERVAL_NUM>11</INTERVAL_NUM>
<INTERVAL_START_GMT>2016-05-20T17:00:00-00:00</INTERVAL_START_GMT>
<INTERVAL_END_GMT>2016-05-20T18:00:00-00:00</INTERVAL_END_GMT>
<VALUE>470.61</VALUE>
<TRADING_HUB>NP15</TRADING_HUB>
<RENEWABLE_TYPE>Wind</RENEWABLE_TYPE>
</REPORT_DATA>
<REPORT_DATA>
<DATA_ITEM>RENEW_FCST_DA_MW</DATA_ITEM>
<OPR_DATE>2016-05-20</OPR_DATE>
<INTERVAL_NUM>12</INTERVAL_NUM>
<INTERVAL_START_GMT>2016-05-20T18:00:00-00:00</INTERVAL_START_GMT>
<INTERVAL_END_GMT>2016-05-20T19:00:00-00:00</INTERVAL_END_GMT>
<VALUE>530.17</VALUE>
<TRADING_HUB>NP15</TRADING_HUB>
<RENEWABLE_TYPE>Wind</RENEWABLE_TYPE>
</REPORT_DATA>
<REPORT_DATA>
<DATA_ITEM>RENEW_FCST_DA_MW</DATA_ITEM>
<OPR_DATE>2016-05-20</OPR_DATE>
<INTERVAL_NUM>13</INTERVAL_NUM>
<INTERVAL_START_GMT>2016-05-20T19:00:00-00:00</INTERVAL_START_GMT>
<INTERVAL_END_GMT>2016-05-20T20:00:00-00:00</INTERVAL_END_GMT>
<VALUE>618.84</VALUE>
<TRADING_HUB>NP15</TRADING_HUB>
<RENEWABLE_TYPE>Wind</RENEWABLE_TYPE>
</REPORT_DATA>
<REPORT_DATA>
<DATA_ITEM>RENEW_FCST_DA_MW</DATA_ITEM>
<OPR_DATE>2016-05-20</OPR_DATE>
<INTERVAL_NUM>14</INTERVAL_NUM>
<INTERVAL_START_GMT>2016-05-20T20:00:00-00:00</INTERVAL_START_GMT>
<INTERVAL_END_GMT>2016-05-20T21:00:00-00:00</INTERVAL_END_GMT>
<VALUE>745.25</VALUE>
<TRADING_HUB>NP15</TRADING_HUB>
<RENEWABLE_TYPE>Wind</RENEWABLE_TYPE>
</REPORT_DATA>
<REPORT_DATA>
<DATA_ITEM>RENEW_FCST_DA_MW</DATA_ITEM>
<OPR_DATE>2016-05-20</OPR_DATE>
<INTERVAL_NUM>15</INTERVAL_NUM>
<INTERVAL_START_GMT>2016-05-20T21:00:00-00:00</INTERVAL_START_GMT>
<INTERVAL_END_GMT>2016-05-20T22:00:00-00:00</INTERVAL_END_GMT>
<VALUE>853.13</VALUE>
<TRADING_HUB>NP15</TRADING_HUB>
<RENEWABLE_TYPE>Wind</RENEWABLE_TYPE>
</REPORT_DATA>
<REPORT_DATA>
<DATA_ITEM>RENEW_FCST_DA_MW</DATA_ITEM>
<OPR_DATE>2016-05-20</OPR_DATE>
<INTERVAL_NUM>16</INTERVAL_NUM>
<INTERVAL_START_GMT>2016-05-20T22:00:00-00:00</INTERVAL_START_GMT>
<INTERVAL_END_GMT>2016-05-20T23:00:00-00:00</INTERVAL_END_GMT>
<VALUE>930.62</VALUE>
<TRADING_HUB>NP15</TRADING_HUB>
<RENEWABLE_TYPE>Wind</RENEWABLE_TYPE>
</REPORT_DATA>
<REPORT_DATA>
<DATA_ITEM>RENEW_FCST_DA_MW</DATA_ITEM>
<OPR_DATE>2016-05-20</OPR_DATE>
<INTERVAL_NUM>17</INTERVAL_NUM>
<INTERVAL_START_GMT>2016-05-20T23:00:00-00:00</INTERVAL_START_GMT>
<INTERVAL_END_GMT>2016-05-21T00:00:00-00:00</INTERVAL_END_GMT>
<VALUE>1022.19</VALUE>
<TRADING_HUB>NP15</TRADING_HUB>
<RENEWABLE_TYPE>Wind</RENEWABLE_TYPE>
</REPORT_DATA>
<REPORT_DATA>
<DATA_ITEM>RENEW_FCST_DA_MW</DATA_ITEM>
<OPR_DATE>2016-05-20</OPR_DATE>
<INTERVAL_NUM>2</INTERVAL_NUM>
<INTERVAL_START_GMT>2016-05-20T08:00:00-00:00</INTERVAL_START_GMT>
<INTERVAL_END_GMT>2016-05-20T09:00:00-00:00</INTERVAL_END_GMT>
<VALUE>1049.61</VALUE>
<TRADING_HUB>NP15</TRADING_HUB>
<RENEWABLE_TYPE>Wind</RENEWABLE_TYPE>
</REPORT_DATA>
</REPORT_ITEM>
<REPORT_ITEM>
<REPORT_HEADER>
<SYSTEM>OASIS</SYSTEM>
<TZ>PPT</TZ>
<REPORT>SLD_REN_FCST</REPORT>
<MKT_TYPE>DAM</MKT_TYPE>
<UOM>MW</UOM>
<INTERVAL>ENDING</INTERVAL>
<SEC_PER_INTERVAL>3600</SEC_PER_INTERVAL>
</REPORT_HEADER>
<REPORT_DATA>
<DATA_ITEM>RENEW_FCST_DA_MW</DATA_ITEM>
<OPR_DATE>2016-05-20</OPR_DATE>
<INTERVAL_NUM>18</INTERVAL_NUM>
<INTERVAL_START_GMT>2016-05-21T00:00:00-00:00</INTERVAL_START_GMT>
<INTERVAL_END_GMT>2016-05-21T01:00:00-00:00</INTERVAL_END_GMT>
<VALUE>2528.74</VALUE>
<TRADING_HUB>SP15</TRADING_HUB>
<RENEWABLE_TYPE>Solar</RENEWABLE_TYPE>
</REPORT_DATA>
<REPORT_DATA>
<DATA_ITEM>RENEW_FCST_DA_MW</DATA_ITEM>
<OPR_DATE>2016-05-20</OPR_DATE>
<INTERVAL_NUM>5</INTERVAL_NUM>
<INTERVAL_START_GMT>2016-05-20T11:00:00-00:00</INTERVAL_START_GMT>
<INTERVAL_END_GMT>2016-05-20T12:00:00-00:00</INTERVAL_END_GMT>
<VALUE>0</VALUE>
<TRADING_HUB>SP15</TRADING_HUB>
<RENEWABLE_TYPE>Solar</RENEWABLE_TYPE>
</REPORT_DATA>
<REPORT_DATA>
<DATA_ITEM>RENEW_FCST_DA_MW</DATA_ITEM>
<OPR_DATE>2016-05-20</OPR_DATE>
<INTERVAL_NUM>17</INTERVAL_NUM>
<INTERVAL_START_GMT>2016-05-20T23:00:00-00:00</INTERVAL_START_GMT>
<INTERVAL_END_GMT>2016-05-21T00:00:00-00:00</INTERVAL_END_GMT>
<VALUE>3482.59</VALUE>
<TRADING_HUB>SP15</TRADING_HUB>
<RENEWABLE_TYPE>Solar</RENEWABLE_TYPE>
</REPORT_DATA>
<REPORT_DATA>
<DATA_ITEM>RENEW_FCST_DA_MW</DATA_ITEM>
<OPR_DATE>2016-05-20</OPR_DATE>
<INTERVAL_NUM>1</INTERVAL_NUM>
<INTERVAL_START_GMT>2016-05-20T07:00:00-00:00</INTERVAL_START_GMT>
<INTERVAL_END_GMT>2016-05-20T08:00:00-00:00</INTERVAL_END_GMT>
<VALUE>0</VALUE>
<TRADING_HUB>SP15</TRADING_HUB>
<RENEWABLE_TYPE>Solar</RENEWABLE_TYPE>
</REPORT_DATA>
<REPORT_DATA>
<DATA_ITEM>RENEW_FCST_DA_MW</DATA_ITEM>
<OPR_DATE>2016-05-20</OPR_DATE>
<INTERVAL_NUM>16</INTERVAL_NUM>
<INTERVAL_START_GMT>2016-05-20T22:00:00-00:00</INTERVAL_START_GMT>
<INTERVAL_END_GMT>2016-05-20T23:00:00-00:00</INTERVAL_END_GMT>
<VALUE>4119.13</VALUE>
<TRADING_HUB>SP15</TRADING_HUB>
<RENEWABLE_TYPE>Solar</RENEWABLE_TYPE>
</REPORT_DATA>
<REPORT_DATA>
<DATA_ITEM>RENEW_FCST_DA_MW</DATA_ITEM>
<OPR_DATE>2016-05-20</OPR_DATE>
<INTERVAL_NUM>8</INTERVAL_NUM>
<INTERVAL_START_GMT>2016-05-20T14:00:00-00:00</INTERVAL_START_GMT>
<INTERVAL_END_GMT>2016-05-20T15:00:00-00:00</INTERVAL_END_GMT>
<VALUE>2003.11</VALUE>
<TRADING_HUB>SP15</TRADING_HUB>
<RENEWABLE_TYPE>Solar</RENEWABLE_TYPE>
</REPORT_DATA>
<REPORT_DATA>
<DATA_ITEM>RENEW_FCST_DA_MW</DATA_ITEM>
<OPR_DATE>2016-05-20</OPR_DATE>
<INTERVAL_NUM>15</INTERVAL_NUM>
<INTERVAL_START_GMT>2016-05-20T21:00:00-00:00</INTERVAL_START_GMT>
<INTERVAL_END_GMT>2016-05-20T22:00:00-00:00</INTERVAL_END_GMT>
<VALUE>4534.43</VALUE>
<TRADING_HUB>SP15</TRADING_HUB>
<RENEWABLE_TYPE>Solar</RENEWABLE_TYPE>
</REPORT_DATA>
<REPORT_DATA>
<DATA_ITEM>RENEW_FCST_DA_MW</DATA_ITEM>
<OPR_DATE>2016-05-20</OPR_DATE>
<INTERVAL_NUM>4</INTERVAL_NUM>
<INTERVAL_START_GMT>2016-05-20T10:00:00-00:00</INTERVAL_START_GMT>
<INTERVAL_END_GMT>2016-05-20T11:00:00-00:00</INTERVAL_END_GMT>
<VALUE>0</VALUE>
<TRADING_HUB>SP15</TRADING_HUB>
<RENEWABLE_TYPE>Solar</RENEWABLE_TYPE>
</REPORT_DATA>
<REPORT_DATA>
<DATA_ITEM>RENEW_FCST_DA_MW</DATA_ITEM>
<OPR_DATE>2016-05-20</OPR_DATE>
<INTERVAL_NUM>14</INTERVAL_NUM>
<INTERVAL_START_GMT>2016-05-20T20:00:00-00:00</INTERVAL_START_GMT>
<INTERVAL_END_GMT>2016-05-20T21:00:00-00:00</INTERVAL_END_GMT>
<VALUE>4684.38</VALUE>
<TRADING_HUB>SP15</TRADING_HUB>
<RENEWABLE_TYPE>Solar</RENEWABLE_TYPE>
</REPORT_DATA>
<REPORT_DATA>
<DATA_ITEM>RENEW_FCST_DA_MW</DATA_ITEM>
<OPR_DATE>2016-05-20</OPR_DATE>
<INTERVAL_NUM>7</INTERVAL_NUM>
<INTERVAL_START_GMT>2016-05-20T13:00:00-00:00</INTERVAL_START_GMT>
<INTERVAL_END_GMT>2016-05-20T14:00:00-00:00</INTERVAL_END_GMT>
<VALUE>444.28</VALUE>
<TRADING_HUB>SP15</TRADING_HUB>
<RENEWABLE_TYPE>Solar</RENEWABLE_TYPE>
</REPORT_DATA>
<REPORT_DATA>
<DATA_ITEM>RENEW_FCST_DA_MW</DATA_ITEM>
<OPR_DATE>2016-05-20</OPR_DATE>
<INTERVAL_NUM>13</INTERVAL_NUM>
<INTERVAL_START_GMT>2016-05-20T19:00:00-00:00</INTERVAL_START_GMT>
<INTERVAL_END_GMT>2016-05-20T20:00:00-00:00</INTERVAL_END_GMT>
<VALUE>4774.98</VALUE>
<TRADING_HUB>SP15</TRADING_HUB>
<RENEWABLE_TYPE>Solar</RENEWABLE_TYPE>
</REPORT_DATA>
<REPORT_DATA>
<DATA_ITEM>RENEW_FCST_DA_MW</DATA_ITEM>
<OPR_DATE>2016-05-20</OPR_DATE>
<INTERVAL_NUM>2</INTERVAL_NUM>
<INTERVAL_START_GMT>2016-05-20T08:00:00-00:00</INTERVAL_START_GMT>
<INTERVAL_END_GMT>2016-05-20T09:00:00-00:00</INTERVAL_END_GMT>
<VALUE>0</VALUE>
<TRADING_HUB>SP15</TRADING_HUB>
<RENEWABLE_TYPE>Solar</RENEWABLE_TYPE>
</REPORT_DATA>
<REPORT_DATA>
<DATA_ITEM>RENEW_FCST_DA_MW</DATA_ITEM>
<OPR_DATE>2016-05-20</OPR_DATE>
<INTERVAL_NUM>12</INTERVAL_NUM>
<INTERVAL_START_GMT>2016-05-20T18:00:00-00:00</INTERVAL_START_GMT>
<INTERVAL_END_GMT>2016-05-20T19:00:00-00:00</INTERVAL_END_GMT>
<VALUE>4765.38</VALUE>
<TRADING_HUB>SP15</TRADING_HUB>
<RENEWABLE_TYPE>Solar</RENEWABLE_TYPE>
</REPORT_DATA>
<REPORT_DATA>
<DATA_ITEM>RENEW_FCST_DA_MW</DATA_ITEM>
<OPR_DATE>2016-05-20</OPR_DATE>
<INTERVAL_NUM>6</INTERVAL_NUM>
<INTERVAL_START_GMT>2016-05-20T12:00:00-00:00</INTERVAL_START_GMT>
<INTERVAL_END_GMT>2016-05-20T13:00:00-00:00</INTERVAL_END_GMT>
<VALUE>4.7</VALUE>
<TRADING_HUB>SP15</TRADING_HUB>
<RENEWABLE_TYPE>Solar</RENEWABLE_TYPE>
</REPORT_DATA>
<REPORT_DATA>
<DATA_ITEM>RENEW_FCST_DA_MW</DATA_ITEM>
<OPR_DATE>2016-05-20</OPR_DATE>
<INTERVAL_NUM>11</INTERVAL_NUM>
<INTERVAL_START_GMT>2016-05-20T17:00:00-00:00</INTERVAL_START_GMT>
<INTERVAL_END_GMT>2016-05-20T18:00:00-00:00</INTERVAL_END_GMT>
<VALUE>4637.72</VALUE>
<TRADING_HUB>SP15</TRADING_HUB>
<RENEWABLE_TYPE>Solar</RENEWABLE_TYPE>
</REPORT_DATA>
<REPORT_DATA>
<DATA_ITEM>RENEW_FCST_DA_MW</DATA_ITEM>
<OPR_DATE>2016-05-20</OPR_DATE>
<INTERVAL_NUM>3</INTERVAL_NUM>
<INTERVAL_START_GMT>2016-05-20T09:00:00-00:00</INTERVAL_START_GMT>
<INTERVAL_END_GMT>2016-05-20T10:00:00-00:00</INTERVAL_END_GMT>
<VALUE>0</VALUE>
<TRADING_HUB>SP15</TRADING_HUB>
<RENEWABLE_TYPE>Solar</RENEWABLE_TYPE>
</REPORT_DATA>
<REPORT_DATA>
<DATA_ITEM>RENEW_FCST_DA_MW</DATA_ITEM>
<OPR_DATE>2016-05-20</OPR_DATE>
<INTERVAL_NUM>10</INTERVAL_NUM>
<INTERVAL_START_GMT>2016-05-20T16:00:00-00:00</INTERVAL_START_GMT>
<INTERVAL_END_GMT>2016-05-20T17:00:00-00:00</INTERVAL_END_GMT>
<VALUE>4124.79</VALUE>
<TRADING_HUB>SP15</TRADING_HUB>
<RENEWABLE_TYPE>Solar</RENEWABLE_TYPE>
</REPORT_DATA>
<REPORT_DATA>
<DATA_ITEM>RENEW_FCST_DA_MW</DATA_ITEM>
<OPR_DATE>2016-05-20</OPR_DATE>
<INTERVAL_NUM>9</INTERVAL_NUM>
<INTERVAL_START_GMT>2016-05-20T15:00:00-00:00</INTERVAL_START_GMT>
<INTERVAL_END_GMT>2016-05-20T16:00:00-00:00</INTERVAL_END_GMT>
<VALUE>3414.21</VALUE>
<TRADING_HUB>SP15</TRADING_HUB>
<RENEWABLE_TYPE>Solar</RENEWABLE_TYPE>
</REPORT_DATA>
</REPORT_ITEM>
<REPORT_ITEM>
<REPORT_HEADER>
<SYSTEM>OASIS</SYSTEM>
<TZ>PPT</TZ>
<REPORT>SLD_REN_FCST</REPORT>
<MKT_TYPE>DAM</MKT_TYPE>
<UOM>MW</UOM>
<INTERVAL>ENDING</INTERVAL>
<SEC_PER_INTERVAL>3600</SEC_PER_INTERVAL>
</REPORT_HEADER>
<REPORT_DATA>
<DATA_ITEM>RENEW_FCST_DA_MW</DATA_ITEM>
<OPR_DATE>2016-05-20</OPR_DATE>
<INTERVAL_NUM>17</INTERVAL_NUM>
<INTERVAL_START_GMT>2016-05-20T23:00:00-00:00</INTERVAL_START_GMT>
<INTERVAL_END_GMT>2016-05-21T00:00:00-00:00</INTERVAL_END_GMT>
<VALUE>2055.78</VALUE>
<TRADING_HUB>SP15</TRADING_HUB>
<RENEWABLE_TYPE>Wind</RENEWABLE_TYPE>
</REPORT_DATA>
<REPORT_DATA>
<DATA_ITEM>RENEW_FCST_DA_MW</DATA_ITEM>
<OPR_DATE>2016-05-20</OPR_DATE>
<INTERVAL_NUM>16</INTERVAL_NUM>
<INTERVAL_START_GMT>2016-05-20T22:00:00-00:00</INTERVAL_START_GMT>
<INTERVAL_END_GMT>2016-05-20T23:00:00-00:00</INTERVAL_END_GMT>
<VALUE>1995.74</VALUE>
<TRADING_HUB>SP15</TRADING_HUB>
<RENEWABLE_TYPE>Wind</RENEWABLE_TYPE>
</REPORT_DATA>
<REPORT_DATA>
<DATA_ITEM>RENEW_FCST_DA_MW</DATA_ITEM>
<OPR_DATE>2016-05-20</OPR_DATE>
<INTERVAL_NUM>15</INTERVAL_NUM>
<INTERVAL_START_GMT>2016-05-20T21:00:00-00:00</INTERVAL_START_GMT>
<INTERVAL_END_GMT>2016-05-20T22:00:00-00:00</INTERVAL_END_GMT>
<VALUE>1916</VALUE>
<TRADING_HUB>SP15</TRADING_HUB>
<RENEWABLE_TYPE>Wind</RENEWABLE_TYPE>
</REPORT_DATA>
<REPORT_DATA>
<DATA_ITEM>RENEW_FCST_DA_MW</DATA_ITEM>
<OPR_DATE>2016-05-20</OPR_DATE>
<INTERVAL_NUM>14</INTERVAL_NUM>
<INTERVAL_START_GMT>2016-05-20T20:00:00-00:00</INTERVAL_START_GMT>
<INTERVAL_END_GMT>2016-05-20T21:00:00-00:00</INTERVAL_END_GMT>
<VALUE>1830.88</VALUE>
<TRADING_HUB>SP15</TRADING_HUB>
<RENEWABLE_TYPE>Wind</RENEWABLE_TYPE>
</REPORT_DATA>
<REPORT_DATA>
<DATA_ITEM>RENEW_FCST_DA_MW</DATA_ITEM>
<OPR_DATE>2016-05-20</OPR_DATE>
<INTERVAL_NUM>13</INTERVAL_NUM>
<INTERVAL_START_GMT>2016-05-20T19:00:00-00:00</INTERVAL_START_GMT>
<INTERVAL_END_GMT>2016-05-20T20:00:00-00:00</INTERVAL_END_GMT>
<VALUE>1790.65</VALUE>
<TRADING_HUB>SP15</TRADING_HUB>
<RENEWABLE_TYPE>Wind</RENEWABLE_TYPE>
</REPORT_DATA>
<REPORT_DATA>
<DATA_ITEM>RENEW_FCST_DA_MW</DATA_ITEM>
<OPR_DATE>2016-05-20</OPR_DATE>
<INTERVAL_NUM>12</INTERVAL_NUM>
<INTERVAL_START_GMT>2016-05-20T18:00:00-00:00</INTERVAL_START_GMT>
<INTERVAL_END_GMT>2016-05-20T19:00:00-00:00</INTERVAL_END_GMT>
<VALUE>1724.79</VALUE>
<TRADING_HUB>SP15</TRADING_HUB>
<RENEWABLE_TYPE>Wind</RENEWABLE_TYPE>
</REPORT_DATA>
<REPORT_DATA>
<DATA_ITEM>RENEW_FCST_DA_MW</DATA_ITEM>
<OPR_DATE>2016-05-20</OPR_DATE>
<INTERVAL_NUM>11</INTERVAL_NUM>
<INTERVAL_START_GMT>2016-05-20T17:00:00-00:00</INTERVAL_START_GMT>
<INTERVAL_END_GMT>2016-05-20T18:00:00-00:00</INTERVAL_END_GMT>
<VALUE>1628.53</VALUE>
<TRADING_HUB>SP15</TRADING_HUB>
<RENEWABLE_TYPE>Wind</RENEWABLE_TYPE>
</REPORT_DATA>
<REPORT_DATA>
<DATA_ITEM>RENEW_FCST_DA_MW</DATA_ITEM>
<OPR_DATE>2016-05-20</OPR_DATE>
<INTERVAL_NUM>10</INTERVAL_NUM>
<INTERVAL_START_GMT>2016-05-20T16:00:00-00:00</INTERVAL_START_GMT>
<INTERVAL_END_GMT>2016-05-20T17:00:00-00:00</INTERVAL_END_GMT>
<VALUE>1571.94</VALUE>
<TRADING_HUB>SP15</TRADING_HUB>
<RENEWABLE_TYPE>Wind</RENEWABLE_TYPE>
</REPORT_DATA>
<REPORT_DATA>
<DATA_ITEM>RENEW_FCST_DA_MW</DATA_ITEM>
<OPR_DATE>2016-05-20</OPR_DATE>
<INTERVAL_NUM>9</INTERVAL_NUM>
<INTERVAL_START_GMT>2016-05-20T15:00:00-00:00</INTERVAL_START_GMT>
<INTERVAL_END_GMT>2016-05-20T16:00:00-00:00</INTERVAL_END_GMT>
<VALUE>1489.96</VALUE>
<TRADING_HUB>SP15</TRADING_HUB>
<RENEWABLE_TYPE>Wind</RENEWABLE_TYPE>
</REPORT_DATA>
<REPORT_DATA>
<DATA_ITEM>RENEW_FCST_DA_MW</DATA_ITEM>
<OPR_DATE>2016-05-20</OPR_DATE>
<INTERVAL_NUM>8</INTERVAL_NUM>
<INTERVAL_START_GMT>2016-05-20T14:00:00-00:00</INTERVAL_START_GMT>
<INTERVAL_END_GMT>2016-05-20T15:00:00-00:00</INTERVAL_END_GMT>
<VALUE>1410.35</VALUE>
<TRADING_HUB>SP15</TRADING_HUB>
<RENEWABLE_TYPE>Wind</RENEWABLE_TYPE>
</REPORT_DATA>
<REPORT_DATA>
<DATA_ITEM>RENEW_FCST_DA_MW</DATA_ITEM>
<OPR_DATE>2016-05-20</OPR_DATE>
<INTERVAL_NUM>7</INTERVAL_NUM>
<INTERVAL_START_GMT>2016-05-20T13:00:00-00:00</INTERVAL_START_GMT>
<INTERVAL_END_GMT>2016-05-20T14:00:00-00:00</INTERVAL_END_GMT>
<VALUE>1395.59</VALUE>
<TRADING_HUB>SP15</TRADING_HUB>
<RENEWABLE_TYPE>Wind</RENEWABLE_TYPE>
</REPORT_DATA>
<REPORT_DATA>
<DATA_ITEM>RENEW_FCST_DA_MW</DATA_ITEM>
<OPR_DATE>2016-05-20</OPR_DATE>
<INTERVAL_NUM>6</INTERVAL_NUM>
<INTERVAL_START_GMT>2016-05-20T12:00:00-00:00</INTERVAL_START_GMT>
<INTERVAL_END_GMT>2016-05-20T13:00:00-00:00</INTERVAL_END_GMT>
<VALUE>1445.88</VALUE>
<TRADING_HUB>SP15</TRADING_HUB>
<RENEWABLE_TYPE>Wind</RENEWABLE_TYPE>
</REPORT_DATA>
<REPORT_DATA>
<DATA_ITEM>RENEW_FCST_DA_MW</DATA_ITEM>
<OPR_DATE>2016-05-20</OPR_DATE>
<INTERVAL_NUM>5</INTERVAL_NUM>
<INTERVAL_START_GMT>2016-05-20T11:00:00-00:00</INTERVAL_START_GMT>
<INTERVAL_END_GMT>2016-05-20T12:00:00-00:00</INTERVAL_END_GMT>
<VALUE>1472.84</VALUE>
<TRADING_HUB>SP15</TRADING_HUB>
<RENEWABLE_TYPE>Wind</RENEWABLE_TYPE>
</REPORT_DATA>
<REPORT_DATA>
<DATA_ITEM>RENEW_FCST_DA_MW</DATA_ITEM>
<OPR_DATE>2016-05-20</OPR_DATE>
<INTERVAL_NUM>4</INTERVAL_NUM>
<INTERVAL_START_GMT>2016-05-20T10:00:00-00:00</INTERVAL_START_GMT>
<INTERVAL_END_GMT>2016-05-20T11:00:00-00:00</INTERVAL_END_GMT>
<VALUE>1527.1</VALUE>
<TRADING_HUB>SP15</TRADING_HUB>
<RENEWABLE_TYPE>Wind</RENEWABLE_TYPE>
</REPORT_DATA>
<REPORT_DATA>
<DATA_ITEM>RENEW_FCST_DA_MW</DATA_ITEM>
<OPR_DATE>2016-05-20</OPR_DATE>
<INTERVAL_NUM>3</INTERVAL_NUM>
<INTERVAL_START_GMT>2016-05-20T09:00:00-00:00</INTERVAL_START_GMT>
<INTERVAL_END_GMT>2016-05-20T10:00:00-00:00</INTERVAL_END_GMT>
<VALUE>1580.08</VALUE>
<TRADING_HUB>SP15</TRADING_HUB>
<RENEWABLE_TYPE>Wind</RENEWABLE_TYPE>
</REPORT_DATA>
<REPORT_DATA>
<DATA_ITEM>RENEW_FCST_DA_MW</DATA_ITEM>
<OPR_DATE>2016-05-20</OPR_DATE>
<INTERVAL_NUM>2</INTERVAL_NUM>
<INTERVAL_START_GMT>2016-05-20T08:00:00-00:00</INTERVAL_START_GMT>
<INTERVAL_END_GMT>2016-05-20T09:00:00-00:00</INTERVAL_END_GMT>
<VALUE>1628.16</VALUE>
<TRADING_HUB>SP15</TRADING_HUB>
<RENEWABLE_TYPE>Wind</RENEWABLE_TYPE>
</REPORT_DATA>
<REPORT_DATA>
<DATA_ITEM>RENEW_FCST_DA_MW</DATA_ITEM>
<OPR_DATE>2016-05-20</OPR_DATE>
<INTERVAL_NUM>18</INTERVAL_NUM>
<INTERVAL_START_GMT>2016-05-21T00:00:00-00:00</INTERVAL_START_GMT>
<INTERVAL_END_GMT>2016-05-21T01:00:00-00:00</INTERVAL_END_GMT>
<VALUE>2047.6</VALUE>
<TRADING_HUB>SP15</TRADING_HUB>
<RENEWABLE_TYPE>Wind</RENEWABLE_TYPE>
</REPORT_DATA>
<REPORT_DATA>
<DATA_ITEM>RENEW_FCST_DA_MW</DATA_ITEM>
<OPR_DATE>2016-05-20</OPR_DATE>
<INTERVAL_NUM>1</INTERVAL_NUM>
<INTERVAL_START_GMT>2016-05-20T07:00:00-00:00</INTERVAL_START_GMT>
<INTERVAL_END_GMT>2016-05-20T08:00:00-00:00</INTERVAL_END_GMT>
<VALUE>1674.07</VALUE>
<TRADING_HUB>SP15</TRADING_HUB>
<RENEWABLE_TYPE>Wind</RENEWABLE_TYPE>
</REPORT_DATA>
</REPORT_ITEM>
<REPORT_ITEM>
<REPORT_HEADER>
<SYSTEM>OASIS</SYSTEM>
<TZ>PPT</TZ>
<REPORT>SLD_REN_FCST</REPORT>
<MKT_TYPE>DAM</MKT_TYPE>
<UOM>MW</UOM>
<INTERVAL>ENDING</INTERVAL>
<SEC_PER_INTERVAL>3600</SEC_PER_INTERVAL>
</REPORT_HEADER>
<REPORT_DATA>
<DATA_ITEM>RENEW_FCST_DA_MW</DATA_ITEM>
<OPR_DATE>2016-05-20</OPR_DATE>
<INTERVAL_NUM>1</INTERVAL_NUM>
<INTERVAL_START_GMT>2016-05-20T07:00:00-00:00</INTERVAL_START_GMT>
<INTERVAL_END_GMT>2016-05-20T08:00:00-00:00</INTERVAL_END_GMT>
<VALUE>0</VALUE>
<TRADING_HUB>ZP26</TRADING_HUB>
<RENEWABLE_TYPE>Solar</RENEWABLE_TYPE>
</REPORT_DATA>
<REPORT_DATA>
<DATA_ITEM>RENEW_FCST_DA_MW</DATA_ITEM>
<OPR_DATE>2016-05-20</OPR_DATE>
<INTERVAL_NUM>18</INTERVAL_NUM>
<INTERVAL_START_GMT>2016-05-21T00:00:00-00:00</INTERVAL_START_GMT>
<INTERVAL_END_GMT>2016-05-21T01:00:00-00:00</INTERVAL_END_GMT>
<VALUE>503.31</VALUE>
<TRADING_HUB>ZP26</TRADING_HUB>
<RENEWABLE_TYPE>Solar</RENEWABLE_TYPE>
</REPORT_DATA>
<REPORT_DATA>
<DATA_ITEM>RENEW_FCST_DA_MW</DATA_ITEM>
<OPR_DATE>2016-05-20</OPR_DATE>
<INTERVAL_NUM>3</INTERVAL_NUM>
<INTERVAL_START_GMT>2016-05-20T09:00:00-00:00</INTERVAL_START_GMT>
<INTERVAL_END_GMT>2016-05-20T10:00:00-00:00</INTERVAL_END_GMT>
<VALUE>0</VALUE>
<TRADING_HUB>ZP26</TRADING_HUB>
<RENEWABLE_TYPE>Solar</RENEWABLE_TYPE>
</REPORT_DATA>
<REPORT_DATA>
<DATA_ITEM>RENEW_FCST_DA_MW</DATA_ITEM>
<OPR_DATE>2016-05-20</OPR_DATE>
<INTERVAL_NUM>4</INTERVAL_NUM>
<INTERVAL_START_GMT>2016-05-20T10:00:00-00:00</INTERVAL_START_GMT>
<INTERVAL_END_GMT>2016-05-20T11:00:00-00:00</INTERVAL_END_GMT>
<VALUE>0</VALUE>
<TRADING_HUB>ZP26</TRADING_HUB>
<RENEWABLE_TYPE>Solar</RENEWABLE_TYPE>
</REPORT_DATA>
<REPORT_DATA>
<DATA_ITEM>RENEW_FCST_DA_MW</DATA_ITEM>
<OPR_DATE>2016-05-20</OPR_DATE>
<INTERVAL_NUM>5</INTERVAL_NUM>
<INTERVAL_START_GMT>2016-05-20T11:00:00-00:00</INTERVAL_START_GMT>
<INTERVAL_END_GMT>2016-05-20T12:00:00-00:00</INTERVAL_END_GMT>
<VALUE>0</VALUE>
<TRADING_HUB>ZP26</TRADING_HUB>
<RENEWABLE_TYPE>Solar</RENEWABLE_TYPE>
</REPORT_DATA>
<REPORT_DATA>
<DATA_ITEM>RENEW_FCST_DA_MW</DATA_ITEM>
<OPR_DATE>2016-05-20</OPR_DATE>
<INTERVAL_NUM>6</INTERVAL_NUM>
<INTERVAL_START_GMT>2016-05-20T12:00:00-00:00</INTERVAL_START_GMT>
<INTERVAL_END_GMT>2016-05-20T13:00:00-00:00</INTERVAL_END_GMT>
<VALUE>0.18</VALUE>
<TRADING_HUB>ZP26</TRADING_HUB>
<RENEWABLE_TYPE>Solar</RENEWABLE_TYPE>
</REPORT_DATA>
<REPORT_DATA>
<DATA_ITEM>RENEW_FCST_DA_MW</DATA_ITEM>
<OPR_DATE>2016-05-20</OPR_DATE>
<INTERVAL_NUM>7</INTERVAL_NUM>
<INTERVAL_START_GMT>2016-05-20T13:00:00-00:00</INTERVAL_START_GMT>
<INTERVAL_END_GMT>2016-05-20T14:00:00-00:00</INTERVAL_END_GMT>
<VALUE>43.1</VALUE>
<TRADING_HUB>ZP26</TRADING_HUB>
<RENEWABLE_TYPE>Solar</RENEWABLE_TYPE>
</REPORT_DATA>
<REPORT_DATA>
<DATA_ITEM>RENEW_FCST_DA_MW</DATA_ITEM>
<OPR_DATE>2016-05-20</OPR_DATE>
<INTERVAL_NUM>8</INTERVAL_NUM>
<INTERVAL_START_GMT>2016-05-20T14:00:00-00:00</INTERVAL_START_GMT>
<INTERVAL_END_GMT>2016-05-20T15:00:00-00:00</INTERVAL_END_GMT>
<VALUE>234.95</VALUE>
<TRADING_HUB>ZP26</TRADING_HUB>
<RENEWABLE_TYPE>Solar</RENEWABLE_TYPE>
</REPORT_DATA>
<REPORT_DATA>
<DATA_ITEM>RENEW_FCST_DA_MW</DATA_ITEM>
<OPR_DATE>2016-05-20</OPR_DATE>
<INTERVAL_NUM>9</INTERVAL_NUM>
<INTERVAL_START_GMT>2016-05-20T15:00:00-00:00</INTERVAL_START_GMT>
<INTERVAL_END_GMT>2016-05-20T16:00:00-00:00</INTERVAL_END_GMT>
<VALUE>475.43</VALUE>
<TRADING_HUB>ZP26</TRADING_HUB>
<RENEWABLE_TYPE>Solar</RENEWABLE_TYPE>
</REPORT_DATA>
<REPORT_DATA>
<DATA_ITEM>RENEW_FCST_DA_MW</DATA_ITEM>
<OPR_DATE>2016-05-20</OPR_DATE>
<INTERVAL_NUM>10</INTERVAL_NUM>
<INTERVAL_START_GMT>2016-05-20T16:00:00-00:00</INTERVAL_START_GMT>
<INTERVAL_END_GMT>2016-05-20T17:00:00-00:00</INTERVAL_END_GMT>
<VALUE>653.55</VALUE>
<TRADING_HUB>ZP26</TRADING_HUB>
<RENEWABLE_TYPE>Solar</RENEWABLE_TYPE>
</REPORT_DATA>
<REPORT_DATA>
<DATA_ITEM>RENEW_FCST_DA_MW</DATA_ITEM>
<OPR_DATE>2016-05-20</OPR_DATE>
<INTERVAL_NUM>11</INTERVAL_NUM>
<INTERVAL_START_GMT>2016-05-20T17:00:00-00:00</INTERVAL_START_GMT>
<INTERVAL_END_GMT>2016-05-20T18:00:00-00:00</INTERVAL_END_GMT>
<VALUE>852.64</VALUE>
<TRADING_HUB>ZP26</TRADING_HUB>
<RENEWABLE_TYPE>Solar</RENEWABLE_TYPE>
</REPORT_DATA>
<REPORT_DATA>
<DATA_ITEM>RENEW_FCST_DA_MW</DATA_ITEM>
<OPR_DATE>2016-05-20</OPR_DATE>
<INTERVAL_NUM>12</INTERVAL_NUM>
<INTERVAL_START_GMT>2016-05-20T18:00:00-00:00</INTERVAL_START_GMT>
<INTERVAL_END_GMT>2016-05-20T19:00:00-00:00</INTERVAL_END_GMT>
<VALUE>876.55</VALUE>
<TRADING_HUB>ZP26</TRADING_HUB>
<RENEWABLE_TYPE>Solar</RENEWABLE_TYPE>
</REPORT_DATA>
<REPORT_DATA>
<DATA_ITEM>RENEW_FCST_DA_MW</DATA_ITEM>
<OPR_DATE>2016-05-20</OPR_DATE>
<INTERVAL_NUM>13</INTERVAL_NUM>
<INTERVAL_START_GMT>2016-05-20T19:00:00-00:00</INTERVAL_START_GMT>
<INTERVAL_END_GMT>2016-05-20T20:00:00-00:00</INTERVAL_END_GMT>
<VALUE>887.15</VALUE>
<TRADING_HUB>ZP26</TRADING_HUB>
<RENEWABLE_TYPE>Solar</RENEWABLE_TYPE>
</REPORT_DATA>
<REPORT_DATA>
<DATA_ITEM>RENEW_FCST_DA_MW</DATA_ITEM>
<OPR_DATE>2016-05-20</OPR_DATE>
<INTERVAL_NUM>14</INTERVAL_NUM>
<INTERVAL_START_GMT>2016-05-20T20:00:00-00:00</INTERVAL_START_GMT>
<INTERVAL_END_GMT>2016-05-20T21:00:00-00:00</INTERVAL_END_GMT>
<VALUE>875.89</VALUE>
<TRADING_HUB>ZP26</TRADING_HUB>
<RENEWABLE_TYPE>Solar</RENEWABLE_TYPE>
</REPORT_DATA>
<REPORT_DATA>
<DATA_ITEM>RENEW_FCST_DA_MW</DATA_ITEM>
<OPR_DATE>2016-05-20</OPR_DATE>
<INTERVAL_NUM>15</INTERVAL_NUM>
<INTERVAL_START_GMT>2016-05-20T21:00:00-00:00</INTERVAL_START_GMT>
<INTERVAL_END_GMT>2016-05-20T22:00:00-00:00</INTERVAL_END_GMT>
<VALUE>818.75</VALUE>
<TRADING_HUB>ZP26</TRADING_HUB>
<RENEWABLE_TYPE>Solar</RENEWABLE_TYPE>
</REPORT_DATA>
<REPORT_DATA>
<DATA_ITEM>RENEW_FCST_DA_MW</DATA_ITEM>
<OPR_DATE>2016-05-20</OPR_DATE>
<INTERVAL_NUM>16</INTERVAL_NUM>
<INTERVAL_START_GMT>2016-05-20T22:00:00-00:00</INTERVAL_START_GMT>
<INTERVAL_END_GMT>2016-05-20T23:00:00-00:00</INTERVAL_END_GMT>
<VALUE>780</VALUE>
<TRADING_HUB>ZP26</TRADING_HUB>
<RENEWABLE_TYPE>Solar</RENEWABLE_TYPE>
</REPORT_DATA>
<REPORT_DATA>
<DATA_ITEM>RENEW_FCST_DA_MW</DATA_ITEM>
<OPR_DATE>2016-05-20</OPR_DATE>
<INTERVAL_NUM>17</INTERVAL_NUM>
<INTERVAL_START_GMT>2016-05-20T23:00:00-00:00</INTERVAL_START_GMT>
<INTERVAL_END_GMT>2016-05-21T00:00:00-00:00</INTERVAL_END_GMT>
<VALUE>638.57</VALUE>
<TRADING_HUB>ZP26</TRADING_HUB>
<RENEWABLE_TYPE>Solar</RENEWABLE_TYPE>
</REPORT_DATA>
<REPORT_DATA>
<DATA_ITEM>RENEW_FCST_DA_MW</DATA_ITEM>
<OPR_DATE>2016-05-20</OPR_DATE>
<INTERVAL_NUM>2</INTERVAL_NUM>
<INTERVAL_START_GMT>2016-05-20T08:00:00-00:00</INTERVAL_START_GMT>
<INTERVAL_END_GMT>2016-05-20T09:00:00-00:00</INTERVAL_END_GMT>
<VALUE>0</VALUE>
<TRADING_HUB>ZP26</TRADING_HUB>
<RENEWABLE_TYPE>Solar</RENEWABLE_TYPE>
</REPORT_DATA>
</REPORT_ITEM>
<DISCLAIMER_ITEM>
<DISCLAIMER>The contents of these pages are subject to change without notice.  Decisions based on information contained within the California ISO's web site are the visitor's sole responsibility.</DISCLAIMER>
</DISCLAIMER_ITEM>
</RTO>
</MessagePayload>
</OASISReport>
