<?xml version="1.0" encoding="UTF-8"?>
<OASISReport xmlns="http://www.caiso.com/soa/OASISReport_v1.xsd">
<MessageHeader>
<TimeDate>2016-05-20T14:29:37-00:00</TimeDate>
<Source>OASIS</Source>
<Version>v20140401</Version>
</MessageHeader>
<MessagePayload>
<RTO>
<name>CAISO</name>
<REPORT_ITEM>
<REPORT_HEADER>
<SYSTEM>OASIS</SYSTEM>
<TZ>PPT</TZ>
<REPORT>SLD_FCST</REPORT>
<MKT_TYPE>DAM</MKT_TYPE>
<EXECUTION_TYPE>DAM</EXECUTION_TYPE>
<UOM>MW</UOM>
<INTERVAL>ENDING</INTERVAL>
<SEC_PER_INTERVAL>3600</SEC_PER_INTERVAL>
</REPORT_HEADER>
<REPORT_DATA>
<DATA_ITEM>SYS_FCST_DA_MW</DATA_ITEM>
<RESOURCE_NAME>CA ISO-TAC</RESOURCE_NAME>
<OPR_DATE>2016-05-20</OPR_DATE>
<INTERVAL_NUM>13</INTERVAL_NUM>
<INTERVAL_START_GMT>2016-05-20T19:00:00-00:00</INTERVAL_START_GMT>
<INTERVAL_END_GMT>2016-05-20T20:00:00-00:00</INTERVAL_END_GMT>
<VALUE>26127.08</VALUE>
</REPORT_DATA>
<REPORT_DATA>
<DATA_ITEM>SYS_FCST_DA_MW</DATA_ITEM>
<RESOURCE_NAME>CA ISO-TAC</RESOURCE_NAME>
<OPR_DATE>2016-05-20</OPR_DATE>
<INTERVAL_NUM>20</INTERVAL_NUM>
<INTERVAL_START_GMT>2016-05-21T02:00:00-00:00</INTERVAL_START_GMT>
<INTERVAL_END_GMT>2016-05-21T03:00:00-00:00</INTERVAL_END_GMT>
<VALUE>26313.48</VALUE>
</REPORT_DATA>
<REPORT_DATA>
<DATA_ITEM>SYS_FCST_DA_MW</DATA_ITEM>
<RESOURCE_NAME>CA ISO-TAC</RESOURCE_NAME>
<OPR_DATE>2016-05-20</OPR_DATE>
<INTERVAL_NUM>19</INTERVAL_NUM>
<INTERVAL_START_GMT>2016-05-21T01:00:00-00:00</INTERVAL_START_GMT>
<INTERVAL_END_GMT>2016-05-21T02:00:00-00:00</INTERVAL_END_GMT>
<VALUE>26216.25</VALUE>
</REPORT_DATA>
<REPORT_DATA>
<DATA_ITEM>SYS_FCST_DA_MW</DATA_ITEM>
<RESOURCE_NAME>CA ISO-TAC</RESOURCE_NAME>
<OPR_DATE>2016-05-20</OPR_DATE>
<INTERVAL_NUM>12</INTERVAL_NUM>
<INTERVAL_START_GMT>2016-05-20T18:00:00-00:00</INTERVAL_START_GMT>
<INTERVAL_END_GMT>2016-05-20T19:00:00-00:00</INTERVAL_END_GMT>
<VALUE>26571.29</VALUE>
</REPORT_DATA>
<REPORT_DATA>
<DATA_ITEM>SYS_FCST_DA_MW</DATA_ITEM>
<RESOURCE_NAME>CA ISO-TAC</RESOURCE_NAME>
<OPR_DATE>2016-05-20</OPR_DATE>
<INTERVAL_NUM>21</INTERVAL_NUM>
<INTERVAL_START_GMT>2016-05-21T03:00:00-00:00</INTERVAL_START_GMT>
<INTERVAL_END_GMT>2016-05-21T04:00:00-00:00</INTERVAL_END_GMT>
<VALUE>27506.21</VALUE>
</REPORT_DATA>
<REPORT_DATA>
<DATA_ITEM>SYS_FCST_DA_MW</DATA_ITEM>
<RESOURCE_NAME>CA ISO-TAC</RESOURCE_NAME>
<OPR_DATE>2016-05-20</OPR_DATE>
<INTERVAL_NUM>11</INTERVAL_NUM>
<INTERVAL_START_GMT>2016-05-20T17:00:00-00:00</INTERVAL_START_GMT>
<INTERVAL_END_GMT>2016-05-20T18:00:00-00:00</INTERVAL_END_GMT>
<VALUE>26871.78</VALUE>
</REPORT_DATA>
<REPORT_DATA>
<DATA_ITEM>SYS_FCST_DA_MW</DATA_ITEM>
<RESOURCE_NAME>CA ISO-TAC</RESOURCE_NAME>
<OPR_DATE>2016-05-20</OPR_DATE>
<INTERVAL_NUM>18</INTERVAL_NUM>
<INTERVAL_START_GMT>2016-05-21T00:00:00-00:00</INTERVAL_START_GMT>
<INTERVAL_END_GMT>2016-05-21T01:00:00-00:00</INTERVAL_END_GMT>
<VALUE>26543.51</VALUE>
</REPORT_DATA>
<REPORT_DATA>
<DATA_ITEM>SYS_FCST_DA_MW</DATA_ITEM>
<RESOURCE_NAME>CA ISO-TAC</RESOURCE_NAME>
<OPR_DATE>2016-05-20</OPR_DATE>
<INTERVAL_NUM>14</INTERVAL_NUM>
<INTERVAL_START_GMT>2016-05-20T20:00:00-00:00</INTERVAL_START_GMT>
<INTERVAL_END_GMT>2016-05-20T21:00:00-00:00</INTERVAL_END_GMT>
<VALUE>26156.01</VALUE>
</REPORT_DATA>
<REPORT_DATA>
<DATA_ITEM>SYS_FCST_DA_MW</DATA_ITEM>
<RESOURCE_NAME>CA ISO-TAC</RESOURCE_NAME>
<OPR_DATE>2016-05-20</OPR_DATE>
<INTERVAL_NUM>17</INTERVAL_NUM>
<INTERVAL_START_GMT>2016-05-20T23:00:00-00:00</INTERVAL_START_GMT>
<INTERVAL_END_GMT>2016-05-21T00:00:00-00:00</INTERVAL_END_GMT>
<VALUE>26492.96</VALUE>
</REPORT_DATA>
<REPORT_DATA>
<DATA_ITEM>SYS_FCST_DA_MW</DATA_ITEM>
<RESOURCE_NAME>CA ISO-TAC</RESOURCE_NAME>
<OPR_DATE>2016-05-20</OPR_DATE>
<INTERVAL_NUM>9</INTERVAL_NUM>
<INTERVAL_START_GMT>2016-05-20T15:00:00-00:00</INTERVAL_START_GMT>
<INTERVAL_END_GMT>2016-05-20T16:00:00-00:00</INTERVAL_END_GMT>
<VALUE>26495.39</VALUE>
</REPORT_DATA>
<REPORT_DATA>
<DATA_ITEM>SYS_FCST_DA_MW</DATA_ITEM>
<RESOURCE_NAME>CA ISO-TAC</RESOURCE_NAME>
<OPR_DATE>2016-05-20</OPR_DATE>
<INTERVAL_NUM>23</INTERVAL_NUM>
<INTERVAL_START_GMT>2016-05-21T05:00:00-00:00</INTERVAL_START_GMT>
<INTERVAL_END_GMT>2016-05-21T06:00:00-00:00</INTERVAL_END_GMT>
<VALUE>25579.43</VALUE>
</REPORT_DATA>
<REPORT_DATA>
<DATA_ITEM>SYS_FCST_DA_MW</DATA_ITEM>
<RESOURCE_NAME>CA ISO-TAC</RESOURCE_NAME>
<OPR_DATE>2016-05-20</OPR_DATE>
<INTERVAL_NUM>10</INTERVAL_NUM>
<INTERVAL_START_GMT>2016-05-20T16:00:00-00:00</INTERVAL_START_GMT>
<INTERVAL_END_GMT>2016-05-20T17:00:00-00:00</INTERVAL_END_GMT>
<VALUE>26883.83</VALUE>
</REPORT_DATA>
<REPORT_DATA>
<DATA_ITEM>SYS_FCST_DA_MW</DATA_ITEM>
<RESOURCE_NAME>CA ISO-TAC</RESOURCE_NAME>
<OPR_DATE>2016-05-20</OPR_DATE>
<INTERVAL_NUM>15</INTERVAL_NUM>
<INTERVAL_START_GMT>2016-05-20T21:00:00-00:00</INTERVAL_START_GMT>
<INTERVAL_END_GMT>2016-05-20T22:00:00-00:00</INTERVAL_END_GMT>
<VALUE>26211.4</VALUE>
</REPORT_DATA>
<REPORT_DATA>
<DATA_ITEM>SYS_FCST_DA_MW</DATA_ITEM>
<RESOURCE_NAME>CA ISO-TAC</RESOURCE_NAME>
<OPR_DATE>2016-05-20</OPR_DATE>
<INTERVAL_NUM>16</INTERVAL_NUM>
<INTERVAL_START_GMT>2016-05-20T22:00:00-00:00</INTERVAL_START_GMT>
<INTERVAL_END_GMT>2016-05-20T23:00:00-00:00</INTERVAL_END_GMT>
<VALUE>26338.16</VALUE>
</REPORT_DATA>
<REPORT_DATA>
<DATA_ITEM>SYS_FCST_DA_MW</DATA_ITEM>
<RESOURCE_NAME>CA ISO-TAC</RESOURCE_NAME>
<OPR_DATE>2016-05-20</OPR_DATE>
<INTERVAL_NUM>22</INTERVAL_NUM>
<INTERVAL_START_GMT>2016-05-21T04:00:00-00:00</INTERVAL_START_GMT>
<INTERVAL_END_GMT>2016-05-21T05:00:00-00:00</INTERVAL_END_GMT>
<VALUE>27271.75</VALUE>
</REPORT_DATA>
<REPORT_DATA>
<DATA_ITEM>SYS_FCST_DA_MW</DATA_ITEM>
<RESOURCE_NAME>CA ISO-TAC</RESOURCE_NAME>
<OPR_DATE>2016-05-20</OPR_DATE>
<INTERVAL_NUM>24</INTERVAL_NUM>
<INTERVAL_START_GMT>2016-05-21T06:00:00-00:00</INTERVAL_START_GMT>
<INTERVAL_END_GMT>2016-05-21T07:00:00-00:00</INTERVAL_END_GMT>
<VALUE>23787.75</VALUE>
</REPORT_DATA>
</REPORT_ITEM>
<REPORT_ITEM>
<REPORT_HEADER>
<SYSTEM>OASIS</SYSTEM>
<TZ>PPT</TZ>
<REPORT>SLD_FCST</REPORT>
<MKT_TYPE>DAM</MKT_TYPE>
<EXECUTION_TYPE>DAM</EXECUTION_TYPE>
<UOM>MW</UOM>
<INTERVAL>ENDING</INTERVAL>
<SEC_PER_INTERVAL>3600</SEC_PER_INTERVAL>
</REPORT_HEADER>
<REPORT_DATA>
<DATA_ITEM>SYS_FCST_DA_MW</DATA_ITEM>
<RESOURCE_NAME>NEVP-TAC</RESOURCE_NAME>
<OPR_DATE>2016-05-20</OPR_DATE>
<INTERVAL_NUM>10</INTERVAL_NUM>
<INTERVAL_START_GMT>2016-05-20T16:00:00-00:00</INTERVAL_START_GMT>
<INTERVAL_END_GMT>2016-05-20T17:00:00-00:00</INTERVAL_END_GMT>
<VALUE>3822.02</VALUE>
</REPORT_DATA>
<REPORT_DATA>
<DATA_ITEM>SYS_FCST_DA_MW</DATA_ITEM>
<RESOURCE_NAME>NEVP-TAC</RESOURCE_NAME>
<OPR_DATE>2016-05-20</OPR_DATE>
<INTERVAL_NUM>11</INTERVAL_NUM>
<INTERVAL_START_GMT>2016-05-20T17:00:00-00:00</INTERVAL_START_GMT>
<INTERVAL_END_GMT>2016-05-20T18:00:00-00:00</INTERVAL_END_GMT>
<VALUE>3940.78</VALUE>
</REPORT_DATA>
<REPORT_DATA>
<DATA_ITEM>SYS_FCST_DA_MW</DATA_ITEM>
<RESOURCE_NAME>NEVP-TAC</RESOURCE_NAME>
<OPR_DATE>2016-05-20</OPR_DATE>
<INTERVAL_NUM>18</INTERVAL_NUM>
<INTERVAL_START_GMT>2016-05-21T00:00:00-00:00</INTERVAL_START_GMT>
<INTERVAL_END_GMT>2016-05-21T01:00:00-00:00</INTERVAL_END_GMT>
<VALUE>4125.67</VALUE>
</REPORT_DATA>
<REPORT_DATA>
<DATA_ITEM>SYS_FCST_DA_MW</DATA_ITEM>
<RESOURCE_NAME>NEVP-TAC</RESOURCE_NAME>
<OPR_DATE>2016-05-20</OPR_DATE>
<INTERVAL_NUM>15</INTERVAL_NUM>
<INTERVAL_START_GMT>2016-05-20T21:00:00-00:00</INTERVAL_START_GMT>
<INTERVAL_END_GMT>2016-05-20T22:00:00-00:00</INTERVAL_END_GMT>
<VALUE>4163.85</VALUE>
</REPORT_DATA>
<REPORT_DATA>
<DATA_ITEM>SYS_FCST_DA_MW</DATA_ITEM>
<RESOURCE_NAME>NEVP-TAC</RESOURCE_NAME>
<OPR_DATE>2016-05-20</OPR_DATE>
<INTERVAL_NUM>20</INTERVAL_NUM>
<INTERVAL_START_GMT>2016-05-21T02:00:00-00:00</INTERVAL_START_GMT>
<INTERVAL_END_GMT>2016-05-21T03:00:00-00:00</INTERVAL_END_GMT>
<VALUE>3975.52</VALUE>
</REPORT_DATA>
<REPORT_DATA>
<DATA_ITEM>SYS_FCST_DA_MW</DATA_ITEM>
<RESOURCE_NAME>NEVP-TAC</RESOURCE_NAME>
<OPR_DATE>2016-05-20</OPR_DATE>
<INTERVAL_NUM>14</INTERVAL_NUM>
<INTERVAL_START_GMT>2016-05-20T20:00:00-00:00</INTERVAL_START_GMT>
<INTERVAL_END_GMT>2016-05-20T21:00:00-00:00</INTERVAL_END_GMT>
<VALUE>4134.74</VALUE>
</REPORT_DATA>
<REPORT_DATA>
<DATA_ITEM>SYS_FCST_DA_MW</DATA_ITEM>
<RESOURCE_NAME>NEVP-TAC</RESOURCE_NAME>
<OPR_DATE>2016-05-20</OPR_DATE>
<INTERVAL_NUM>21</INTERVAL_NUM>
<INTERVAL_START_GMT>2016-05-21T03:00:00-00:00</INTERVAL_START_GMT>
<INTERVAL_END_GMT>2016-05-21T04:00:00-00:00</INTERVAL_END_GMT>
<VALUE>4081.24</VALUE>
</REPORT_DATA>
<REPORT_DATA>
<DATA_ITEM>SYS_FCST_DA_MW</DATA_ITEM>
<RESOURCE_NAME>NEVP-TAC</RESOURCE_NAME>
<OPR_DATE>2016-05-20</OPR_DATE>
<INTERVAL_NUM>23</INTERVAL_NUM>
<INTERVAL_START_GMT>2016-05-21T05:00:00-00:00</INTERVAL_START_GMT>
<INTERVAL_END_GMT>2016-05-21T06:00:00-00:00</INTERVAL_END_GMT>
<VALUE>3783.77</VALUE>
</REPORT_DATA>
<REPORT_DATA>
<DATA_ITEM>SYS_FCST_DA_MW</DATA_ITEM>
<RESOURCE_NAME>NEVP-TAC</RESOURCE_NAME>
<OPR_DATE>2016-05-20</OPR_DATE>
<INTERVAL_NUM>16</INTERVAL_NUM>
<INTERVAL_START_GMT>2016-05-20T22:00:00-00:00</INTERVAL_START_GMT>
<INTERVAL_END_GMT>2016-05-20T23:00:00-00:00</INTERVAL_END_GMT>
<VALUE>4192.36</VALUE>
</REPORT_DATA>
<REPORT_DATA>
<DATA_ITEM>SYS_FCST_DA_MW</DATA_ITEM>
<RESOURCE_NAME>NEVP-TAC</RESOURCE_NAME>
<OPR_DATE>2016-05-20</OPR_DATE>
<INTERVAL_NUM>17</INTERVAL_NUM>
<INTERVAL_START_GMT>2016-05-20T23:00:00-00:00</INTERVAL_START_GMT>
<INTERVAL_END_GMT>2016-05-21T00:00:00-00:00</INTERVAL_END_GMT>
<VALUE>4213.72</VALUE>
</REPORT_DATA>
<REPORT_DATA>
<DATA_ITEM>SYS_FCST_DA_MW</DATA_ITEM>
<RESOURCE_NAME>NEVP-TAC</RESOURCE_NAME>
<OPR_DATE>2016-05-20</OPR_DATE>
<INTERVAL_NUM>12</INTERVAL_NUM>
<INTERVAL_START_GMT>2016-05-20T18:00:00-00:00</INTERVAL_START_GMT>
<INTERVAL_END_GMT>2016-05-20T19:00:00-00:00</INTERVAL_END_GMT>
<VALUE>4025.62</VALUE>
</REPORT_DATA>
<REPORT_DATA>
<DATA_ITEM>SYS_FCST_DA_MW</DATA_ITEM>
<RESOURCE_NAME>NEVP-TAC</RESOURCE_NAME>
<OPR_DATE>2016-05-20</OPR_DATE>
<INTERVAL_NUM>19</INTERVAL_NUM>
<INTERVAL_START_GMT>2016-05-21T01:00:00-00:00</INTERVAL_START_GMT>
<INTERVAL_END_GMT>2016-05-21T02:00:00-00:00</INTERVAL_END_GMT>
<VALUE>4009.98</VALUE>
</REPORT_DATA>
<REPORT_DATA>
<DATA_ITEM>SYS_FCST_DA_MW</DATA_ITEM>
<RESOURCE_NAME>NEVP-TAC</RESOURCE_NAME>
<OPR_DATE>2016-05-20</OPR_DATE>
<INTERVAL_NUM>22</INTERVAL_NUM>
<INTERVAL_START_GMT>2016-05-21T04:00:00-00:00</INTERVAL_START_GMT>
<INTERVAL_END_GMT>2016-05-21T05:00:00-00:00</INTERVAL_END_GMT>
<VALUE>3993.78</VALUE>
</REPORT_DATA>
<REPORT_DATA>
<DATA_ITEM>SYS_FCST_DA_MW</DATA_ITEM>
<RESOURCE_NAME>NEVP-TAC</RESOURCE_NAME>
<OPR_DATE>2016-05-20</OPR_DATE>
<INTERVAL_NUM>9</INTERVAL_NUM>
<INTERVAL_START_GMT>2016-05-20T15:00:00-00:00</INTERVAL_START_GMT>
<INTERVAL_END_GMT>2016-05-20T16:00:00-00:00</INTERVAL_END_GMT>
<VALUE>3704.17</VALUE>
</REPORT_DATA>
<REPORT_DATA>
<DATA_ITEM>SYS_FCST_DA_MW</DATA_ITEM>
<RESOURCE_NAME>NEVP-TAC</RESOURCE_NAME>
<OPR_DATE>2016-05-20</OPR_DATE>
<INTERVAL_NUM>13</INTERVAL_NUM>
<INTERVAL_START_GMT>2016-05-20T19:00:00-00:00</INTERVAL_START_GMT>
<INTERVAL_END_GMT>2016-05-20T20:00:00-00:00</INTERVAL_END_GMT>
<VALUE>4091.38</VALUE>
</REPORT_DATA>
<REPORT_DATA>
<DATA_ITEM>SYS_FCST_DA_MW</DATA_ITEM>
<RESOURCE_NAME>NEVP-TAC</RESOURCE_NAME>
<OPR_DATE>2016-05-20</OPR_DATE>
<INTERVAL_NUM>24</INTERVAL_NUM>
<INTERVAL_START_GMT>2016-05-21T06:00:00-00:00</INTERVAL_START_GMT>
<INTERVAL_END_GMT>2016-05-21T07:00:00-00:00</INTERVAL_END_GMT>
<VALUE>3533.63</VALUE>
</REPORT_DATA>
</REPORT_ITEM>
<REPORT_ITEM>
<REPORT_HEADER>
<SYSTEM>OASIS</SYSTEM>
<TZ>PPT</TZ>
<REPORT>SLD_FCST</REPORT>
<MKT_TYPE>DAM</MKT_TYPE>
<EXECUTION_TYPE>DAM</EXECUTION_TYPE>
<UOM>MW</UOM>
<INTERVAL>ENDING</INTERVAL>
<SEC_PER_INTERVAL>3600</SEC_PER_INTERVAL>
</REPORT_HEADER>
<REPORT_DATA>
<DATA_ITEM>SYS_FCST_DA_MW</DATA_ITEM>
<RESOURCE_NAME>PACE-TAC</RESOURCE_NAME>
<OPR_DATE>2016-05-20</OPR_DATE>
<INTERVAL_NUM>21</INTERVAL_NUM>
<INTERVAL_START_GMT>2016-05-21T03:00:00-00:00</INTERVAL_START_GMT>
<INTERVAL_END_GMT>2016-05-21T04:00:00-00:00</INTERVAL_END_GMT>
<VALUE>5138.65</VALUE>
</REPORT_DATA>
<REPORT_DATA>
<DATA_ITEM>SYS_FCST_DA_MW</DATA_ITEM>
<RESOURCE_NAME>PACE-TAC</RESOURCE_NAME>
<OPR_DATE>2016-05-20</OPR_DATE>
<INTERVAL_NUM>23</INTERVAL_NUM>
<INTERVAL_START_GMT>2016-05-21T05:00:00-00:00</INTERVAL_START_GMT>
<INTERVAL_END_GMT>2016-05-21T06:00:00-00:00</INTERVAL_END_GMT>
<VALUE>4618.32</VALUE>
</REPORT_DATA>
<REPORT_DATA>
<DATA_ITEM>SYS_FCST_DA_MW</DATA_ITEM>
<RESOURCE_NAME>PACE-TAC</RESOURCE_NAME>
<OPR_DATE>2016-05-20</OPR_DATE>
<INTERVAL_NUM>12</INTERVAL_NUM>
<INTERVAL_START_GMT>2016-05-20T18:00:00-00:00</INTERVAL_START_GMT>
<INTERVAL_END_GMT>2016-05-20T19:00:00-00:00</INTERVAL_END_GMT>
<VALUE>5261.51</VALUE>
</REPORT_DATA>
<REPORT_DATA>
<DATA_ITEM>SYS_FCST_DA_MW</DATA_ITEM>
<RESOURCE_NAME>PACE-TAC</RESOURCE_NAME>
<OPR_DATE>2016-05-20</OPR_DATE>
<INTERVAL_NUM>19</INTERVAL_NUM>
<INTERVAL_START_GMT>2016-05-21T01:00:00-00:00</INTERVAL_START_GMT>
<INTERVAL_END_GMT>2016-05-21T02:00:00-00:00</INTERVAL_END_GMT>
<VALUE>5022.64</VALUE>
</REPORT_DATA>
<REPORT_DATA>
<DATA_ITEM>SYS_FCST_DA_MW</DATA_ITEM>
<RESOURCE_NAME>PACE-TAC</RESOURCE_NAME>
<OPR_DATE>2016-05-20</OPR_DATE>
<INTERVAL_NUM>22</INTERVAL_NUM>
<INTERVAL_START_GMT>2016-05-21T04:00:00-00:00</INTERVAL_START_GMT>
<INTERVAL_END_GMT>2016-05-21T05:00:00-00:00</INTERVAL_END_GMT>
<VALUE>4935.25</VALUE>
</REPORT_DATA>
<REPORT_DATA>
<DATA_ITEM>SYS_FCST_DA_MW</DATA_ITEM>
<RESOURCE_NAME>PACE-TAC</RESOURCE_NAME>
<OPR_DATE>2016-05-20</OPR_DATE>
<INTERVAL_NUM>24</INTERVAL_NUM>
<INTERVAL_START_GMT>2016-05-21T06:00:00-00:00</INTERVAL_START_GMT>
<INTERVAL_END_GMT>2016-05-21T07:00:00-00:00</INTERVAL_END_GMT>
<VALUE>4345.3</VALUE>
</REPORT_DATA>
<REPORT_DATA>
<DATA_ITEM>SYS_FCST_DA_MW</DATA_ITEM>
<RESOURCE_NAME>PACE-TAC</RESOURCE_NAME>
<OPR_DATE>2016-05-20</OPR_DATE>
<INTERVAL_NUM>18</INTERVAL_NUM>
<INTERVAL_START_GMT>2016-05-21T00:00:00-00:00</INTERVAL_START_GMT>
<INTERVAL_END_GMT>2016-05-21T01:00:00-00:00</INTERVAL_END_GMT>
<VALUE>5111.63</VALUE>
</REPORT_DATA>
<REPORT_DATA>
<DATA_ITEM>SYS_FCST_DA_MW</DATA_ITEM>
<RESOURCE_NAME>PACE-TAC</RESOURCE_NAME>
<OPR_DATE>2016-05-20</OPR_DATE>
<INTERVAL_NUM>17</INTERVAL_NUM>
<INTERVAL_START_GMT>2016-05-20T23:00:00-00:00</INTERVAL_START_GMT>
<INTERVAL_END_GMT>2016-05-21T00:00:00-00:00</INTERVAL_END_GMT>
<VALUE>5261.4</VALUE>
</REPORT_DATA>
<REPORT_DATA>
<DATA_ITEM>SYS_FCST_DA_MW</DATA_ITEM>
<RESOURCE_NAME>PACE-TAC</RESOURCE_NAME>
<OPR_DATE>2016-05-20</OPR_DATE>
<INTERVAL_NUM>9</INTERVAL_NUM>
<INTERVAL_START_GMT>2016-05-20T15:00:00-00:00</INTERVAL_START_GMT>
<INTERVAL_END_GMT>2016-05-20T16:00:00-00:00</INTERVAL_END_GMT>
<VALUE>5091.17</VALUE>
</REPORT_DATA>
<REPORT_DATA>
<DATA_ITEM>SYS_FCST_DA_MW</DATA_ITEM>
<RESOURCE_NAME>PACE-TAC</RESOURCE_NAME>
<OPR_DATE>2016-05-20</OPR_DATE>
<INTERVAL_NUM>13</INTERVAL_NUM>
<INTERVAL_START_GMT>2016-05-20T19:00:00-00:00</INTERVAL_START_GMT>
<INTERVAL_END_GMT>2016-05-20T20:00:00-00:00</INTERVAL_END_GMT>
<VALUE>5295.3</VALUE>
</REPORT_DATA>
<REPORT_DATA>
<DATA_ITEM>SYS_FCST_DA_MW</DATA_ITEM>
<RESOURCE_NAME>PACE-TAC</RESOURCE_NAME>
<OPR_DATE>2016-05-20</OPR_DATE>
<INTERVAL_NUM>20</INTERVAL_NUM>
<INTERVAL_START_GMT>2016-05-21T02:00:00-00:00</INTERVAL_START_GMT>
<INTERVAL_END_GMT>2016-05-21T03:00:00-00:00</INTERVAL_END_GMT>
<VALUE>5016</VALUE>
</REPORT_DATA>
<REPORT_DATA>
<DATA_ITEM>SYS_FCST_DA_MW</DATA_ITEM>
<RESOURCE_NAME>PACE-TAC</RESOURCE_NAME>
<OPR_DATE>2016-05-20</OPR_DATE>
<INTERVAL_NUM>16</INTERVAL_NUM>
<INTERVAL_START_GMT>2016-05-20T22:00:00-00:00</INTERVAL_START_GMT>
<INTERVAL_END_GMT>2016-05-20T23:00:00-00:00</INTERVAL_END_GMT>
<VALUE>5361.63</VALUE>
</REPORT_DATA>
<REPORT_DATA>
<DATA_ITEM>SYS_FCST_DA_MW</DATA_ITEM>
<RESOURCE_NAME>PACE-TAC</RESOURCE_NAME>
<OPR_DATE>2016-05-20</OPR_DATE>
<INTERVAL_NUM>15</INTERVAL_NUM>
<INTERVAL_START_GMT>2016-05-20T21:00:00-00:00</INTERVAL_START_GMT>
<INTERVAL_END_GMT>2016-05-20T22:00:00-00:00</INTERVAL_END_GMT>
<VALUE>5357.92</VALUE>
</REPORT_DATA>
<REPORT_DATA>
<DATA_ITEM>SYS_FCST_DA_MW</DATA_ITEM>
<RESOURCE_NAME>PACE-TAC</RESOURCE_NAME>
<OPR_DATE>2016-05-20</OPR_DATE>
<INTERVAL_NUM>11</INTERVAL_NUM>
<INTERVAL_START_GMT>2016-05-20T17:00:00-00:00</INTERVAL_START_GMT>
<INTERVAL_END_GMT>2016-05-20T18:00:00-00:00</INTERVAL_END_GMT>
<VALUE>5254.04</VALUE>
</REPORT_DATA>
<REPORT_DATA>
<DATA_ITEM>SYS_FCST_DA_MW</DATA_ITEM>
<RESOURCE_NAME>PACE-TAC</RESOURCE_NAME>
<OPR_DATE>2016-05-20</OPR_DATE>
<INTERVAL_NUM>14</INTERVAL_NUM>
<INTERVAL_START_GMT>2016-05-20T20:00:00-00:00</INTERVAL_START_GMT>
<INTERVAL_END_GMT>2016-05-20T21:00:00-00:00</INTERVAL_END_GMT>
<VALUE>5334.79</VALUE>
</REPORT_DATA>
<REPORT_DATA>
<DATA_ITEM>SYS_FCST_DA_MW</DATA_ITEM>
<RESOURCE_NAME>PACE-TAC</RESOURCE_NAME>
<OPR_DATE>2016-05-20</OPR_DATE>
<INTERVAL_NUM>10</INTERVAL_NUM>
<INTERVAL_START_GMT>2016-05-20T16:00:00-00:00</INTERVAL_START_GMT>
<INTERVAL_END_GMT>2016-05-20T17:00:00-00:00</INTERVAL_END_GMT>
<VALUE>5193.37</VALUE>
</REPORT_DATA>
</REPORT_ITEM>
<REPORT_ITEM>
<REPORT_HEADER>
<SYSTEM>OASIS</SYSTEM>
<TZ>PPT</TZ>
<REPORT>SLD_FCST</REPORT>
<MKT_TYPE>DAM</MKT_TYPE>
<EXECUTION_TYPE>DAM</EXECUTION_TYPE>
<UOM>MW</UOM>
<INTERVAL>ENDING</INTERVAL>
<SEC_PER_INTERVAL>3600</SEC_PER_INTERVAL>
</REPORT_HEADER>
<REPORT_DATA>
<DATA_ITEM>SYS_FCST_DA_MW</DATA_ITEM>
<RESOURCE_NAME>PACW-TAC</RESOURCE_NAME>
<OPR_DATE>2016-05-20</OPR_DATE>
<INTERVAL_NUM>23</INTERVAL_NUM>
<INTERVAL_START_GMT>2016-05-21T05:00:00-00:00</INTERVAL_START_GMT>
<INTERVAL_END_GMT>2016-05-21T06:00:00-00:00</INTERVAL_END_GMT>
<VALUE>2136.65</VALUE>
</REPORT_DATA>
<REPORT_DATA>
<DATA_ITEM>SYS_FCST_DA_MW</DATA_ITEM>
<RESOURCE_NAME>PACW-TAC</RESOURCE_NAME>
<OPR_DATE>2016-05-20</OPR_DATE>
<INTERVAL_NUM>10</INTERVAL_NUM>
<INTERVAL_START_GMT>2016-05-20T16:00:00-00:00</INTERVAL_START_GMT>
<INTERVAL_END_GMT>2016-05-20T17:00:00-00:00</INTERVAL_END_GMT>
<VALUE>2422.22</VALUE>
</REPORT_DATA>
<REPORT_DATA>
<DATA_ITEM>SYS_FCST_DA_MW</DATA_ITEM>
<RESOURCE_NAME>PACW-TAC</RESOURCE_NAME>
<OPR_DATE>2016-05-20</OPR_DATE>
<INTERVAL_NUM>13</INTERVAL_NUM>
<INTERVAL_START_GMT>2016-05-20T19:00:00-00:00</INTERVAL_START_GMT>
<INTERVAL_END_GMT>2016-05-20T20:00:00-00:00</INTERVAL_END_GMT>
<VALUE>2353.65</VALUE>
</REPORT_DATA>
<REPORT_DATA>
<DATA_ITEM>SYS_FCST_DA_MW</DATA_ITEM>
<RESOURCE_NAME>PACW-TAC</RESOURCE_NAME>
<OPR_DATE>2016-05-20</OPR_DATE>
<INTERVAL_NUM>11</INTERVAL_NUM>
<INTERVAL_START_GMT>2016-05-20T17:00:00-00:00</INTERVAL_START_GMT>
<INTERVAL_END_GMT>2016-05-20T18:00:00-00:00</INTERVAL_END_GMT>
<VALUE>2411.98</VALUE>
</REPORT_DATA>
<REPORT_DATA>
<DATA_ITEM>SYS_FCST_DA_MW</DATA_ITEM>
<RESOURCE_NAME>PACW-TAC</RESOURCE_NAME>
<OPR_DATE>2016-05-20</OPR_DATE>
<INTERVAL_NUM>9</INTERVAL_NUM>
<INTERVAL_START_GMT>2016-05-20T15:00:00-00:00</INTERVAL_START_GMT>
<INTERVAL_END_GMT>2016-05-20T16:00:00-00:00</INTERVAL_END_GMT>
<VALUE>2424.92</VALUE>
</REPORT_DATA>
<REPORT_DATA>
<DATA_ITEM>SYS_FCST_DA_MW</DATA_ITEM>
<RESOURCE_NAME>PACW-TAC</RESOURCE_NAME>
<OPR_DATE>2016-05-20</OPR_DATE>
<INTERVAL_NUM>15</INTERVAL_NUM>
<INTERVAL_START_GMT>2016-05-20T21:00:00-00:00</INTERVAL_START_GMT>
<INTERVAL_END_GMT>2016-05-20T22:00:00-00:00</INTERVAL_END_GMT>
<VALUE>2295.85</VALUE>
</REPORT_DATA>
<REPORT_DATA>
<DATA_ITEM>SYS_FCST_DA_MW</DATA_ITEM>
<RESOURCE_NAME>PACW-TAC</RESOURCE_NAME>
<OPR_DATE>2016-05-20</OPR_DATE>
<INTERVAL_NUM>16</INTERVAL_NUM>
<INTERVAL_START_GMT>2016-05-20T22:00:00-00:00</INTERVAL_START_GMT>
<INTERVAL_END_GMT>2016-05-20T23:00:00-00:00</INTERVAL_END_GMT>
<VALUE>2271.12</VALUE>
</REPORT_DATA>
<REPORT_DATA>
<DATA_ITEM>SYS_FCST_DA_MW</DATA_ITEM>
<RESOURCE_NAME>PACW-TAC</RESOURCE_NAME>
<OPR_DATE>2016-05-20</OPR_DATE>
<INTERVAL_NUM>19</INTERVAL_NUM>
<INTERVAL_START_GMT>2016-05-21T01:00:00-00:00</INTERVAL_START_GMT>
<INTERVAL_END_GMT>2016-05-21T02:00:00-00:00</INTERVAL_END_GMT>
<VALUE>2243.94</VALUE>
</REPORT_DATA>
<REPORT_DATA>
<DATA_ITEM>SYS_FCST_DA_MW</DATA_ITEM>
<RESOURCE_NAME>PACW-TAC</RESOURCE_NAME>
<OPR_DATE>2016-05-20</OPR_DATE>
<INTERVAL_NUM>17</INTERVAL_NUM>
<INTERVAL_START_GMT>2016-05-20T23:00:00-00:00</INTERVAL_START_GMT>
<INTERVAL_END_GMT>2016-05-21T00:00:00-00:00</INTERVAL_END_GMT>
<VALUE>2263.79</VALUE>
</REPORT_DATA>
<REPORT_DATA>
<DATA_ITEM>SYS_FCST_DA_MW</DATA_ITEM>
<RESOURCE_NAME>PACW-TAC</RESOURCE_NAME>
<OPR_DATE>2016-05-20</OPR_DATE>
<INTERVAL_NUM>20</INTERVAL_NUM>
<INTERVAL_START_GMT>2016-05-21T02:00:00-00:00</INTERVAL_START_GMT>
<INTERVAL_END_GMT>2016-05-21T03:00:00-00:00</INTERVAL_END_GMT>
<VALUE>2204.96</VALUE>
</REPORT_DATA>
<REPORT_DATA>
<DATA_ITEM>SYS_FCST_DA_MW</DATA_ITEM>
<RESOURCE_NAME>PACW-TAC</RESOURCE_NAME>
<OPR_DATE>2016-05-20</OPR_DATE>
<INTERVAL_NUM>14</INTERVAL_NUM>
<INTERVAL_START_GMT>2016-05-20T20:00:00-00:00</INTERVAL_START_GMT>
<INTERVAL_END_GMT>2016-05-20T21:00:00-00:00</INTERVAL_END_GMT>
<VALUE>2330.71</VALUE>
</REPORT_DATA>
<REPORT_DATA>
<DATA_ITEM>SYS_FCST_DA_MW</DATA_ITEM>
<RESOURCE_NAME>PACW-TAC</RESOURCE_NAME>
<OPR_DATE>2016-05-20</OPR_DATE>
<INTERVAL_NUM>12</INTERVAL_NUM>
<INTERVAL_START_GMT>2016-05-20T18:00:00-00:00</INTERVAL_START_GMT>
<INTERVAL_END_GMT>2016-05-20T19:00:00-00:00</INTERVAL_END_GMT>
<VALUE>2375.34</VALUE>
</REPORT_DATA>
<REPORT_DATA>
<DATA_ITEM>SYS_FCST_DA_MW</DATA_ITEM>
<RESOURCE_NAME>PACW-TAC</RESOURCE_NAME>
<OPR_DATE>2016-05-20</OPR_DATE>
<INTERVAL_NUM>22</INTERVAL_NUM>
<INTERVAL_START_GMT>2016-05-21T04:00:00-00:00</INTERVAL_START_GMT>
<INTERVAL_END_GMT>2016-05-21T05:00:00-00:00</INTERVAL_END_GMT>
<VALUE>2271.42</VALUE>
</REPORT_DATA>
<REPORT_DATA>
<DATA_ITEM>SYS_FCST_DA_MW</DATA_ITEM>
<RESOURCE_NAME>PACW-TAC</RESOURCE_NAME>
<OPR_DATE>2016-05-20</OPR_DATE>
<INTERVAL_NUM>21</INTERVAL_NUM>
<INTERVAL_START_GMT>2016-05-21T03:00:00-00:00</INTERVAL_START_GMT>
<INTERVAL_END_GMT>2016-05-21T04:00:00-00:00</INTERVAL_END_GMT>
<VALUE>2225.02</VALUE>
</REPORT_DATA>
<REPORT_DATA>
<DATA_ITEM>SYS_FCST_DA_MW</DATA_ITEM>
<RESOURCE_NAME>PACW-TAC</RESOURCE_NAME>
<OPR_DATE>2016-05-20</OPR_DATE>
<INTERVAL_NUM>18</INTERVAL_NUM>
<INTERVAL_START_GMT>2016-05-21T00:00:00-00:00</INTERVAL_START_GMT>
<INTERVAL_END_GMT>2016-05-21T01:00:00-00:00</INTERVAL_END_GMT>
<VALUE>2261.18</VALUE>
</REPORT_DATA>
<REPORT_DATA>
<DATA_ITEM>SYS_FCST_DA_MW</DATA_ITEM>
<RESOURCE_NAME>PACW-TAC</RESOURCE_NAME>
<OPR_DATE>2016-05-20</OPR_DATE>
<INTERVAL_NUM>24</INTERVAL_NUM>
<INTERVAL_START_GMT>2016-05-21T06:00:00-00:00</INTERVAL_START_GMT>
<INTERVAL_END_GMT>2016-05-21T07:00:00-00:00</INTERVAL_END_GMT>
<VALUE>1955.34</VALUE>
</REPORT_DATA>
</REPORT_ITEM>
<REPORT_ITEM>
<REPORT_HEADER>
<SYSTEM>OASIS</SYSTEM>
<TZ>PPT</TZ>
<REPORT>SLD_FCST</REPORT>
<MKT_TYPE>DAM</MKT_TYPE>
<EXECUTION_TYPE>DAM</EXECUTION_TYPE>
<UOM>MW</UOM>
<INTERVAL>ENDING</INTERVAL>
<SEC_PER_INTERVAL>3600</SEC_PER_INTERVAL>
</REPORT_HEADER>
<REPORT_DATA>
<DATA_ITEM>SYS_FCST_DA_MW</DATA_ITEM>
<RESOURCE_NAME>PGE-TAC</RESOURCE_NAME>
<OPR_DATE>2016-05-20</OPR_DATE>
<INTERVAL_NUM>15</INTERVAL_NUM>
<INTERVAL_START_GMT>2016-05-20T21:00:00-00:00</INTERVAL_START_GMT>
<INTERVAL_END_GMT>2016-05-20T22:00:00-00:00</INTERVAL_END_GMT>
<VALUE>11856</VALUE>
</REPORT_DATA>
<REPORT_DATA>
<DATA_ITEM>SYS_FCST_DA_MW</DATA_ITEM>
<RESOURCE_NAME>PGE-TAC</RESOURCE_NAME>
<OPR_DATE>2016-05-20</OPR_DATE>
<INTERVAL_NUM>11</INTERVAL_NUM>
<INTERVAL_START_GMT>2016-05-20T17:00:00-00:00</INTERVAL_START_GMT>
<INTERVAL_END_GMT>2016-05-20T18:00:00-00:00</INTERVAL_END_GMT>
<VALUE>12380</VALUE>
</REPORT_DATA>
<REPORT_DATA>
<DATA_ITEM>SYS_FCST_DA_MW</DATA_ITEM>
<RESOURCE_NAME>PGE-TAC</RESOURCE_NAME>
<OPR_DATE>2016-05-20</OPR_DATE>
<INTERVAL_NUM>18</INTERVAL_NUM>
<INTERVAL_START_GMT>2016-05-21T00:00:00-00:00</INTERVAL_START_GMT>
<INTERVAL_END_GMT>2016-05-21T01:00:00-00:00</INTERVAL_END_GMT>
<VALUE>12156</VALUE>
</REPORT_DATA>
<REPORT_DATA>
<DATA_ITEM>SYS_FCST_DA_MW</DATA_ITEM>
<RESOURCE_NAME>PGE-TAC</RESOURCE_NAME>
<OPR_DATE>2016-05-20</OPR_DATE>
<INTERVAL_NUM>24</INTERVAL_NUM>
<INTERVAL_START_GMT>2016-05-21T06:00:00-00:00</INTERVAL_START_GMT>
<INTERVAL_END_GMT>2016-05-21T07:00:00-00:00</INTERVAL_END_GMT>
<VALUE>11238</VALUE>
</REPORT_DATA>
<REPORT_DATA>
<DATA_ITEM>SYS_FCST_DA_MW</DATA_ITEM>
<RESOURCE_NAME>PGE-TAC</RESOURCE_NAME>
<OPR_DATE>2016-05-20</OPR_DATE>
<INTERVAL_NUM>9</INTERVAL_NUM>
<INTERVAL_START_GMT>2016-05-20T15:00:00-00:00</INTERVAL_START_GMT>
<INTERVAL_END_GMT>2016-05-20T16:00:00-00:00</INTERVAL_END_GMT>
<VALUE>12300</VALUE>
</REPORT_DATA>
<REPORT_DATA>
<DATA_ITEM>SYS_FCST_DA_MW</DATA_ITEM>
<RESOURCE_NAME>PGE-TAC</RESOURCE_NAME>
<OPR_DATE>2016-05-20</OPR_DATE>
<INTERVAL_NUM>13</INTERVAL_NUM>
<INTERVAL_START_GMT>2016-05-20T19:00:00-00:00</INTERVAL_START_GMT>
<INTERVAL_END_GMT>2016-05-20T20:00:00-00:00</INTERVAL_END_GMT>
<VALUE>11895</VALUE>
</REPORT_DATA>
<REPORT_DATA>
<DATA_ITEM>SYS_FCST_DA_MW</DATA_ITEM>
<RESOURCE_NAME>PGE-TAC</RESOURCE_NAME>
<OPR_DATE>2016-05-20</OPR_DATE>
<INTERVAL_NUM>20</INTERVAL_NUM>
<INTERVAL_START_GMT>2016-05-21T02:00:00-00:00</INTERVAL_START_GMT>
<INTERVAL_END_GMT>2016-05-21T03:00:00-00:00</INTERVAL_END_GMT>
<VALUE>12369</VALUE>
</REPORT_DATA>
<REPORT_DATA>
<DATA_ITEM>SYS_FCST_DA_MW</DATA_ITEM>
<RESOURCE_NAME>PGE-TAC</RESOURCE_NAME>
<OPR_DATE>2016-05-20</OPR_DATE>
<INTERVAL_NUM>16</INTERVAL_NUM>
<INTERVAL_START_GMT>2016-05-20T22:00:00-00:00</INTERVAL_START_GMT>
<INTERVAL_END_GMT>2016-05-20T23:00:00-00:00</INTERVAL_END_GMT>
<VALUE>11898</VALUE>
</REPORT_DATA>
<REPORT_DATA>
<DATA_ITEM>SYS_FCST_DA_MW</DATA_ITEM>
<RESOURCE_NAME>PGE-TAC</RESOURCE_NAME>
<OPR_DATE>2016-05-20</OPR_DATE>
<INTERVAL_NUM>22</INTERVAL_NUM>
<INTERVAL_START_GMT>2016-05-21T04:00:00-00:00</INTERVAL_START_GMT>
<INTERVAL_END_GMT>2016-05-21T05:00:00-00:00</INTERVAL_END_GMT>
<VALUE>12683</VALUE>
</REPORT_DATA>
<REPORT_DATA>
<DATA_ITEM>SYS_FCST_DA_MW</DATA_ITEM>
<RESOURCE_NAME>PGE-TAC</RESOURCE_NAME>
<OPR_DATE>2016-05-20</OPR_DATE>
<INTERVAL_NUM>10</INTERVAL_NUM>
<INTERVAL_START_GMT>2016-05-20T16:00:00-00:00</INTERVAL_START_GMT>
<INTERVAL_END_GMT>2016-05-20T17:00:00-00:00</INTERVAL_END_GMT>
<VALUE>12430</VALUE>
</REPORT_DATA>
<REPORT_DATA>
<DATA_ITEM>SYS_FCST_DA_MW</DATA_ITEM>
<RESOURCE_NAME>PGE-TAC</RESOURCE_NAME>
<OPR_DATE>2016-05-20</OPR_DATE>
<INTERVAL_NUM>14</INTERVAL_NUM>
<INTERVAL_START_GMT>2016-05-20T20:00:00-00:00</INTERVAL_START_GMT>
<INTERVAL_END_GMT>2016-05-20T21:00:00-00:00</INTERVAL_END_GMT>
<VALUE>11875</VALUE>
</REPORT_DATA>
<REPORT_DATA>
<DATA_ITEM>SYS_FCST_DA_MW</DATA_ITEM>
<RESOURCE_NAME>PGE-TAC</RESOURCE_NAME>
<OPR_DATE>2016-05-20</OPR_DATE>
<INTERVAL_NUM>17</INTERVAL_NUM>
<INTERVAL_START_GMT>2016-05-20T23:00:00-00:00</INTERVAL_START_GMT>
<INTERVAL_END_GMT>2016-05-21T00:00:00-00:00</INTERVAL_END_GMT>
<VALUE>12038</VALUE>
</REPORT_DATA>
<REPORT_DATA>
<DATA_ITEM>SYS_FCST_DA_MW</DATA_ITEM>
<RESOURCE_NAME>PGE-TAC</RESOURCE_NAME>
<OPR_DATE>2016-05-20</OPR_DATE>
<INTERVAL_NUM>21</INTERVAL_NUM>
<INTERVAL_START_GMT>2016-05-21T03:00:00-00:00</INTERVAL_START_GMT>
<INTERVAL_END_GMT>2016-05-21T04:00:00-00:00</INTERVAL_END_GMT>
<VALUE>12698</VALUE>
</REPORT_DATA>
<REPORT_DATA>
<DATA_ITEM>SYS_FCST_DA_MW</DATA_ITEM>
<RESOURCE_NAME>PGE-TAC</RESOURCE_NAME>
<OPR_DATE>2016-05-20</OPR_DATE>
<INTERVAL_NUM>12</INTERVAL_NUM>
<INTERVAL_START_GMT>2016-05-20T18:00:00-00:00</INTERVAL_START_GMT>
<INTERVAL_END_GMT>2016-05-20T19:00:00-00:00</INTERVAL_END_GMT>
<VALUE>12204</VALUE>
</REPORT_DATA>
<REPORT_DATA>
<DATA_ITEM>SYS_FCST_DA_MW</DATA_ITEM>
<RESOURCE_NAME>PGE-TAC</RESOURCE_NAME>
<OPR_DATE>2016-05-20</OPR_DATE>
<INTERVAL_NUM>23</INTERVAL_NUM>
<INTERVAL_START_GMT>2016-05-21T05:00:00-00:00</INTERVAL_START_GMT>
<INTERVAL_END_GMT>2016-05-21T06:00:00-00:00</INTERVAL_END_GMT>
<VALUE>12066</VALUE>
</REPORT_DATA>
<REPORT_DATA>
<DATA_ITEM>SYS_FCST_DA_MW</DATA_ITEM>
<RESOURCE_NAME>PGE-TAC</RESOURCE_NAME>
<OPR_DATE>2016-05-20</OPR_DATE>
<INTERVAL_NUM>19</INTERVAL_NUM>
<INTERVAL_START_GMT>2016-05-21T01:00:00-00:00</INTERVAL_START_GMT>
<INTERVAL_END_GMT>2016-05-21T02:00:00-00:00</INTERVAL_END_GMT>
<VALUE>12274</VALUE>
</REPORT_DATA>
</REPORT_ITEM>
<REPORT_ITEM>
<REPORT_HEADER>
<SYSTEM>OASIS</SYSTEM>
<TZ>PPT</TZ>
<REPORT>SLD_FCST</REPORT>
<MKT_TYPE>DAM</MKT_TYPE>
<EXECUTION_TYPE>DAM</EXECUTION_TYPE>
<UOM>MW</UOM>
<INTERVAL>ENDING</INTERVAL>
<SEC_PER_INTERVAL>3600</SEC_PER_INTERVAL>
</REPORT_HEADER>
<REPORT_DATA>
<DATA_ITEM>SYS_FCST_DA_MW</DATA_ITEM>
<RESOURCE_NAME>SCE-TAC</RESOURCE_NAME>
<OPR_DATE>2016-05-20</OPR_DATE>
<INTERVAL_NUM>9</INTERVAL_NUM>
<INTERVAL_START_GMT>2016-05-20T15:00:00-00:00</INTERVAL_START_GMT>
<INTERVAL_END_GMT>2016-05-20T16:00:00-00:00</INTERVAL_END_GMT>
<VALUE>11867</VALUE>
</REPORT_DATA>
<REPORT_DATA>
<DATA_ITEM>SYS_FCST_DA_MW</DATA_ITEM>
<RESOURCE_NAME>SCE-TAC</RESOURCE_NAME>
<OPR_DATE>2016-05-20</OPR_DATE>
<INTERVAL_NUM>20</INTERVAL_NUM>
<INTERVAL_START_GMT>2016-05-21T02:00:00-00:00</INTERVAL_START_GMT>
<INTERVAL_END_GMT>2016-05-21T03:00:00-00:00</INTERVAL_END_GMT>
<VALUE>11546</VALUE>
</REPORT_DATA>
<REPORT_DATA>
<DATA_ITEM>SYS_FCST_DA_MW</DATA_ITEM>
<RESOURCE_NAME>SCE-TAC</RESOURCE_NAME>
<OPR_DATE>2016-05-20</OPR_DATE>
<INTERVAL_NUM>16</INTERVAL_NUM>
<INTERVAL_START_GMT>2016-05-20T22:00:00-00:00</INTERVAL_START_GMT>
<INTERVAL_END_GMT>2016-05-20T23:00:00-00:00</INTERVAL_END_GMT>
<VALUE>12143</VALUE>
</REPORT_DATA>
<REPORT_DATA>
<DATA_ITEM>SYS_FCST_DA_MW</DATA_ITEM>
<RESOURCE_NAME>SCE-TAC</RESOURCE_NAME>
<OPR_DATE>2016-05-20</OPR_DATE>
<INTERVAL_NUM>15</INTERVAL_NUM>
<INTERVAL_START_GMT>2016-05-20T21:00:00-00:00</INTERVAL_START_GMT>
<INTERVAL_END_GMT>2016-05-20T22:00:00-00:00</INTERVAL_END_GMT>
<VALUE>12071</VALUE>
</REPORT_DATA>
<REPORT_DATA>
<DATA_ITEM>SYS_FCST_DA_MW</DATA_ITEM>
<RESOURCE_NAME>SCE-TAC</RESOURCE_NAME>
<OPR_DATE>2016-05-20</OPR_DATE>
<INTERVAL_NUM>12</INTERVAL_NUM>
<INTERVAL_START_GMT>2016-05-20T18:00:00-00:00</INTERVAL_START_GMT>
<INTERVAL_END_GMT>2016-05-20T19:00:00-00:00</INTERVAL_END_GMT>
<VALUE>12058</VALUE>
</REPORT_DATA>
<REPORT_DATA>
<DATA_ITEM>SYS_FCST_DA_MW</DATA_ITEM>
<RESOURCE_NAME>SCE-TAC</RESOURCE_NAME>
<OPR_DATE>2016-05-20</OPR_DATE>
<INTERVAL_NUM>22</INTERVAL_NUM>
<INTERVAL_START_GMT>2016-05-21T04:00:00-00:00</INTERVAL_START_GMT>
<INTERVAL_END_GMT>2016-05-21T05:00:00-00:00</INTERVAL_END_GMT>
<VALUE>12132</VALUE>
</REPORT_DATA>
<REPORT_DATA>
<DATA_ITEM>SYS_FCST_DA_MW</DATA_ITEM>
<RESOURCE_NAME>SCE-TAC</RESOURCE_NAME>
<OPR_DATE>2016-05-20</OPR_DATE>
<INTERVAL_NUM>21</INTERVAL_NUM>
<INTERVAL_START_GMT>2016-05-21T03:00:00-00:00</INTERVAL_START_GMT>
<INTERVAL_END_GMT>2016-05-21T04:00:00-00:00</INTERVAL_END_GMT>
<VALUE>12264</VALUE>
</REPORT_DATA>
<REPORT_DATA>
<DATA_ITEM>SYS_FCST_DA_MW</DATA_ITEM>
<RESOURCE_NAME>SCE-TAC</RESOURCE_NAME>
<OPR_DATE>2016-05-20</OPR_DATE>
<INTERVAL_NUM>17</INTERVAL_NUM>
<INTERVAL_START_GMT>2016-05-20T23:00:00-00:00</INTERVAL_START_GMT>
<INTERVAL_END_GMT>2016-05-21T00:00:00-00:00</INTERVAL_END_GMT>
<VALUE>12150</VALUE>
</REPORT_DATA>
<REPORT_DATA>
<DATA_ITEM>SYS_FCST_DA_MW</DATA_ITEM>
<RESOURCE_NAME>SCE-TAC</RESOURCE_NAME>
<OPR_DATE>2016-05-20</OPR_DATE>
<INTERVAL_NUM>14</INTERVAL_NUM>
<INTERVAL_START_GMT>2016-05-20T20:00:00-00:00</INTERVAL_START_GMT>
<INTERVAL_END_GMT>2016-05-20T21:00:00-00:00</INTERVAL_END_GMT>
<VALUE>11999</VALUE>
</REPORT_DATA>
<REPORT_DATA>
<DATA_ITEM>SYS_FCST_DA_MW</DATA_ITEM>
<RESOURCE_NAME>SCE-TAC</RESOURCE_NAME>
<OPR_DATE>2016-05-20</OPR_DATE>
<INTERVAL_NUM>13</INTERVAL_NUM>
<INTERVAL_START_GMT>2016-05-20T19:00:00-00:00</INTERVAL_START_GMT>
<INTERVAL_END_GMT>2016-05-20T20:00:00-00:00</INTERVAL_END_GMT>
<VALUE>11946</VALUE>
</REPORT_DATA>
<REPORT_DATA>
<DATA_ITEM>SYS_FCST_DA_MW</DATA_ITEM>
<RESOURCE_NAME>SCE-TAC</RESOURCE_NAME>
<OPR_DATE>2016-05-20</OPR_DATE>
<INTERVAL_NUM>11</INTERVAL_NUM>
<INTERVAL_START_GMT>2016-05-20T17:00:00-00:00</INTERVAL_START_GMT>
<INTERVAL_END_GMT>2016-05-20T18:00:00-00:00</INTERVAL_END_GMT>
<VALUE>12140</VALUE>
</REPORT_DATA>
<REPORT_DATA>
<DATA_ITEM>SYS_FCST_DA_MW</DATA_ITEM>
<RESOURCE_NAME>SCE-TAC</RESOURCE_NAME>
<OPR_DATE>2016-05-20</OPR_DATE>
<INTERVAL_NUM>10</INTERVAL_NUM>
<INTERVAL_START_GMT>2016-05-20T16:00:00-00:00</INTERVAL_START_GMT>
<INTERVAL_END_GMT>2016-05-20T17:00:00-00:00</INTERVAL_END_GMT>
<VALUE>12086</VALUE>
</REPORT_DATA>
<REPORT_DATA>
<DATA_ITEM>SYS_FCST_DA_MW</DATA_ITEM>
<RESOURCE_NAME>SCE-TAC</RESOURCE_NAME>
<OPR_DATE>2016-05-20</OPR_DATE>
<INTERVAL_NUM>23</INTERVAL_NUM>
<INTERVAL_START_GMT>2016-05-21T05:00:00-00:00</INTERVAL_START_GMT>
<INTERVAL_END_GMT>2016-05-21T06:00:00-00:00</INTERVAL_END_GMT>
<VALUE>11242</VALUE>
</REPORT_DATA>
<REPORT_DATA>
<DATA_ITEM>SYS_FCST_DA_MW</DATA_ITEM>
<RESOURCE_NAME>SCE-TAC</RESOURCE_NAME>
<OPR_DATE>2016-05-20</OPR_DATE>
<INTERVAL_NUM>18</INTERVAL_NUM>
<INTERVAL_START_GMT>2016-05-21T00:00:00-00:00</INTERVAL_START_GMT>
<INTERVAL_END_GMT>2016-05-21T01:00:00-00:00</INTERVAL_END_GMT>
<VALUE>12067</VALUE>
</REPORT_DATA>
<REPORT_DATA>
<DATA_ITEM>SYS_FCST_DA_MW</DATA_ITEM>
<RESOURCE_NAME>SCE-TAC</RESOURCE_NAME>
<OPR_DATE>2016-05-20</OPR_DATE>
<INTERVAL_NUM>19</INTERVAL_NUM>
<INTERVAL_START_GMT>2016-05-21T01:00:00-00:00</INTERVAL_START_GMT>
<INTERVAL_END_GMT>2016-05-21T02:00:00-00:00</INTERVAL_END_GMT>
<VALUE>11614</VALUE>
</REPORT_DATA>
<REPORT_DATA>
<DATA_ITEM>SYS_FCST_DA_MW</DATA_ITEM>
<RESOURCE_NAME>SCE-TAC</RESOURCE_NAME>
<OPR_DATE>2016-05-20</OPR_DATE>
<INTERVAL_NUM>24</INTERVAL_NUM>
<INTERVAL_START_GMT>2016-05-21T06:00:00-00:00</INTERVAL_START_GMT>
<INTERVAL_END_GMT>2016-05-21T07:00:00-00:00</INTERVAL_END_GMT>
<VALUE>10480</VALUE>
</REPORT_DATA>
</REPORT_ITEM>
<REPORT_ITEM>
<REPORT_HEADER>
<SYSTEM>OASIS</SYSTEM>
<TZ>PPT</TZ>
<REPORT>SLD_FCST</REPORT>
<MKT_TYPE>DAM</MKT_TYPE>
<EXECUTION_TYPE>DAM</EXECUTION_TYPE>
<UOM>MW</UOM>
<INTERVAL>ENDING</INTERVAL>
<SEC_PER_INTERVAL>3600</SEC_PER_INTERVAL>
</REPORT_HEADER>
<REPORT_DATA>
<DATA_ITEM>SYS_FCST_DA_MW</DATA_ITEM>
<RESOURCE_NAME>SDGE-TAC</RESOURCE_NAME>
<OPR_DATE>2016-05-20</OPR_DATE>
<INTERVAL_NUM>18</INTERVAL_NUM>
<INTERVAL_START_GMT>2016-05-21T00:00:00-00:00</INTERVAL_START_GMT>
<INTERVAL_END_GMT>2016-05-21T01:00:00-00:00</INTERVAL_END_GMT>
<VALUE>2265</VALUE>
</REPORT_DATA>
<REPORT_DATA>
<DATA_ITEM>SYS_FCST_DA_MW</DATA_ITEM>
<RESOURCE_NAME>SDGE-TAC</RESOURCE_NAME>
<OPR_DATE>2016-05-20</OPR_DATE>
<INTERVAL_NUM>16</INTERVAL_NUM>
<INTERVAL_START_GMT>2016-05-20T22:00:00-00:00</INTERVAL_START_GMT>
<INTERVAL_END_GMT>2016-05-20T23:00:00-00:00</INTERVAL_END_GMT>
<VALUE>2240</VALUE>
</REPORT_DATA>
<REPORT_DATA>
<DATA_ITEM>SYS_FCST_DA_MW</DATA_ITEM>
<RESOURCE_NAME>SDGE-TAC</RESOURCE_NAME>
<OPR_DATE>2016-05-20</OPR_DATE>
<INTERVAL_NUM>11</INTERVAL_NUM>
<INTERVAL_START_GMT>2016-05-20T17:00:00-00:00</INTERVAL_START_GMT>
<INTERVAL_END_GMT>2016-05-20T18:00:00-00:00</INTERVAL_END_GMT>
<VALUE>2296</VALUE>
</REPORT_DATA>
<REPORT_DATA>
<DATA_ITEM>SYS_FCST_DA_MW</DATA_ITEM>
<RESOURCE_NAME>SDGE-TAC</RESOURCE_NAME>
<OPR_DATE>2016-05-20</OPR_DATE>
<INTERVAL_NUM>22</INTERVAL_NUM>
<INTERVAL_START_GMT>2016-05-21T04:00:00-00:00</INTERVAL_START_GMT>
<INTERVAL_END_GMT>2016-05-21T05:00:00-00:00</INTERVAL_END_GMT>
<VALUE>2406</VALUE>
</REPORT_DATA>
<REPORT_DATA>
<DATA_ITEM>SYS_FCST_DA_MW</DATA_ITEM>
<RESOURCE_NAME>SDGE-TAC</RESOURCE_NAME>
<OPR_DATE>2016-05-20</OPR_DATE>
<INTERVAL_NUM>23</INTERVAL_NUM>
<INTERVAL_START_GMT>2016-05-21T05:00:00-00:00</INTERVAL_START_GMT>
<INTERVAL_END_GMT>2016-05-21T06:00:00-00:00</INTERVAL_END_GMT>
<VALUE>2224</VALUE>
</REPORT_DATA>
<REPORT_DATA>
<DATA_ITEM>SYS_FCST_DA_MW</DATA_ITEM>
<RESOURCE_NAME>SDGE-TAC</RESOURCE_NAME>
<OPR_DATE>2016-05-20</OPR_DATE>
<INTERVAL_NUM>9</INTERVAL_NUM>
<INTERVAL_START_GMT>2016-05-20T15:00:00-00:00</INTERVAL_START_GMT>
<INTERVAL_END_GMT>2016-05-20T16:00:00-00:00</INTERVAL_END_GMT>
<VALUE>2278</VALUE>
</REPORT_DATA>
<REPORT_DATA>
<DATA_ITEM>SYS_FCST_DA_MW</DATA_ITEM>
<RESOURCE_NAME>SDGE-TAC</RESOURCE_NAME>
<OPR_DATE>2016-05-20</OPR_DATE>
<INTERVAL_NUM>19</INTERVAL_NUM>
<INTERVAL_START_GMT>2016-05-21T01:00:00-00:00</INTERVAL_START_GMT>
<INTERVAL_END_GMT>2016-05-21T02:00:00-00:00</INTERVAL_END_GMT>
<VALUE>2275</VALUE>
</REPORT_DATA>
<REPORT_DATA>
<DATA_ITEM>SYS_FCST_DA_MW</DATA_ITEM>
<RESOURCE_NAME>SDGE-TAC</RESOURCE_NAME>
<OPR_DATE>2016-05-20</OPR_DATE>
<INTERVAL_NUM>21</INTERVAL_NUM>
<INTERVAL_START_GMT>2016-05-21T03:00:00-00:00</INTERVAL_START_GMT>
<INTERVAL_END_GMT>2016-05-21T04:00:00-00:00</INTERVAL_END_GMT>
<VALUE>2492</VALUE>
</REPORT_DATA>
<REPORT_DATA>
<DATA_ITEM>SYS_FCST_DA_MW</DATA_ITEM>
<RESOURCE_NAME>SDGE-TAC</RESOURCE_NAME>
<OPR_DATE>2016-05-20</OPR_DATE>
<INTERVAL_NUM>17</INTERVAL_NUM>
<INTERVAL_START_GMT>2016-05-20T23:00:00-00:00</INTERVAL_START_GMT>
<INTERVAL_END_GMT>2016-05-21T00:00:00-00:00</INTERVAL_END_GMT>
<VALUE>2248</VALUE>
</REPORT_DATA>
<REPORT_DATA>
<DATA_ITEM>SYS_FCST_DA_MW</DATA_ITEM>
<RESOURCE_NAME>SDGE-TAC</RESOURCE_NAME>
<OPR_DATE>2016-05-20</OPR_DATE>
<INTERVAL_NUM>14</INTERVAL_NUM>
<INTERVAL_START_GMT>2016-05-20T20:00:00-00:00</INTERVAL_START_GMT>
<INTERVAL_END_GMT>2016-05-20T21:00:00-00:00</INTERVAL_END_GMT>
<VALUE>2225</VALUE>
</REPORT_DATA>
<REPORT_DATA>
<DATA_ITEM>SYS_FCST_DA_MW</DATA_ITEM>
<RESOURCE_NAME>SDGE-TAC</RESOURCE_NAME>
<OPR_DATE>2016-05-20</OPR_DATE>
<INTERVAL_NUM>12</INTERVAL_NUM>
<INTERVAL_START_GMT>2016-05-20T18:00:00-00:00</INTERVAL_START_GMT>
<INTERVAL_END_GMT>2016-05-20T19:00:00-00:00</INTERVAL_END_GMT>
<VALUE>2253</VALUE>
</REPORT_DATA>
<REPORT_DATA>
<DATA_ITEM>SYS_FCST_DA_MW</DATA_ITEM>
<RESOURCE_NAME>SDGE-TAC</RESOURCE_NAME>
<OPR_DATE>2016-05-20</OPR_DATE>
<INTERVAL_NUM>13</INTERVAL_NUM>
<INTERVAL_START_GMT>2016-05-20T19:00:00-00:00</INTERVAL_START_GMT>
<INTERVAL_END_GMT>2016-05-20T20:00:00-00:00</INTERVAL_END_GMT>
<VALUE>2229</VALUE>
</REPORT_DATA>
<REPORT_DATA>
<DATA_ITEM>SYS_FCST_DA_MW</DATA_ITEM>
<RESOURCE_NAME>SDGE-TAC</RESOURCE_NAME>
<OPR_DATE>2016-05-20</OPR_DATE>
<INTERVAL_NUM>15</INTERVAL_NUM>
<INTERVAL_START_GMT>2016-05-20T21:00:00-00:00</INTERVAL_START_GMT>
<INTERVAL_END_GMT>2016-05-20T22:00:00-00:00</INTERVAL_END_GMT>
<VALUE>2227</VALUE>
</REPORT_DATA>
<REPORT_DATA>
<DATA_ITEM>SYS_FCST_DA_MW</DATA_ITEM>
<RESOURCE_NAME>SDGE-TAC</RESOURCE_NAME>
<OPR_DATE>2016-05-20</OPR_DATE>
<INTERVAL_NUM>20</INTERVAL_NUM>
<INTERVAL_START_GMT>2016-05-21T02:00:00-00:00</INTERVAL_START_GMT>
<INTERVAL_END_GMT>2016-05-21T03:00:00-00:00</INTERVAL_END_GMT>
<VALUE>2347</VALUE>
</REPORT_DATA>
<REPORT_DATA>
<DATA_ITEM>SYS_FCST_DA_MW</DATA_ITEM>
<RESOURCE_NAME>SDGE-TAC</RESOURCE_NAME>
<OPR_DATE>2016-05-20</OPR_DATE>
<INTERVAL_NUM>24</INTERVAL_NUM>
<INTERVAL_START_GMT>2016-05-21T06:00:00-00:00</INTERVAL_START_GMT>
<INTERVAL_END_GMT>2016-05-21T07:00:00-00:00</INTERVAL_END_GMT>
<VALUE>2025</VALUE>
</REPORT_DATA>
<REPORT_DATA>
<DATA_ITEM>SYS_FCST_DA_MW</DATA_ITEM>
<RESOURCE_NAME>SDGE-TAC</RESOURCE_NAME>
<OPR_DATE>2016-05-20</OPR_DATE>
<INTERVAL_NUM>10</INTERVAL_NUM>
<INTERVAL_START_GMT>2016-05-20T16:00:00-00:00</INTERVAL_START_GMT>
<INTERVAL_END_GMT>2016-05-20T17:00:00-00:00</INTERVAL_END_GMT>
<VALUE>2314</VALUE>
</REPORT_DATA>
</REPORT_ITEM>
<REPORT_ITEM>
<REPORT_HEADER>
<SYSTEM>OASIS</SYSTEM>
<TZ>PPT</TZ>
<REPORT>SLD_FCST</REPORT>
<MKT_TYPE>DAM</MKT_TYPE>
<EXECUTION_TYPE>DAM</EXECUTION_TYPE>
<UOM>MW</UOM>
<INTERVAL>ENDING</INTERVAL>
<SEC_PER_INTERVAL>3600</SEC_PER_INTERVAL>
</REPORT_HEADER>
<REPORT_DATA>
<DATA_ITEM>SYS_FCST_DA_MW</DATA_ITEM>
<RESOURCE_NAME>VEA-TAC</RESOURCE_NAME>
<OPR_DATE>2016-05-20</OPR_DATE>
<INTERVAL_NUM>15</INTERVAL_NUM>
<INTERVAL_START_GMT>2016-05-20T21:00:00-00:00</INTERVAL_START_GMT>
<INTERVAL_END_GMT>2016-05-20T22:00:00-00:00</INTERVAL_END_GMT>
<VALUE>57.4</VALUE>
</REPORT_DATA>
<REPORT_DATA>
<DATA_ITEM>SYS_FCST_DA_MW</DATA_ITEM>
<RESOURCE_NAME>VEA-TAC</RESOURCE_NAME>
<OPR_DATE>2016-05-20</OPR_DATE>
<INTERVAL_NUM>10</INTERVAL_NUM>
<INTERVAL_START_GMT>2016-05-20T16:00:00-00:00</INTERVAL_START_GMT>
<INTERVAL_END_GMT>2016-05-20T17:00:00-00:00</INTERVAL_END_GMT>
<VALUE>53.83</VALUE>
</REPORT_DATA>
<REPORT_DATA>
<DATA_ITEM>SYS_FCST_DA_MW</DATA_ITEM>
<RESOURCE_NAME>VEA-TAC</RESOURCE_NAME>
<OPR_DATE>2016-05-20</OPR_DATE>
<INTERVAL_NUM>11</INTERVAL_NUM>
<INTERVAL_START_GMT>2016-05-20T17:00:00-00:00</INTERVAL_START_GMT>
<INTERVAL_END_GMT>2016-05-20T18:00:00-00:00</INTERVAL_END_GMT>
<VALUE>55.77</VALUE>
</REPORT_DATA>
<REPORT_DATA>
<DATA_ITEM>SYS_FCST_DA_MW</DATA_ITEM>
<RESOURCE_NAME>VEA-TAC</RESOURCE_NAME>
<OPR_DATE>2016-05-20</OPR_DATE>
<INTERVAL_NUM>12</INTERVAL_NUM>
<INTERVAL_START_GMT>2016-05-20T18:00:00-00:00</INTERVAL_START_GMT>
<INTERVAL_END_GMT>2016-05-20T19:00:00-00:00</INTERVAL_END_GMT>
<VALUE>56.29</VALUE>
</REPORT_DATA>
<REPORT_DATA>
<DATA_ITEM>SYS_FCST_DA_MW</DATA_ITEM>
<RESOURCE_NAME>VEA-TAC</RESOURCE_NAME>
<OPR_DATE>2016-05-20</OPR_DATE>
<INTERVAL_NUM>9</INTERVAL_NUM>
<INTERVAL_START_GMT>2016-05-20T15:00:00-00:00</INTERVAL_START_GMT>
<INTERVAL_END_GMT>2016-05-20T16:00:00-00:00</INTERVAL_END_GMT>
<VALUE>50.39</VALUE>
</REPORT_DATA>
<REPORT_DATA>
<DATA_ITEM>SYS_FCST_DA_MW</DATA_ITEM>
<RESOURCE_NAME>VEA-TAC</RESOURCE_NAME>
<OPR_DATE>2016-05-20</OPR_DATE>
<INTERVAL_NUM>17</INTERVAL_NUM>
<INTERVAL_START_GMT>2016-05-20T23:00:00-00:00</INTERVAL_START_GMT>
<INTERVAL_END_GMT>2016-05-21T00:00:00-00:00</INTERVAL_END_GMT>
<VALUE>56.96</VALUE>
</REPORT_DATA>
<REPORT_DATA>
<DATA_ITEM>SYS_FCST_DA_MW</DATA_ITEM>
<RESOURCE_NAME>VEA-TAC</RESOURCE_NAME>
<OPR_DATE>2016-05-20</OPR_DATE>
<INTERVAL_NUM>20</INTERVAL_NUM>
<INTERVAL_START_GMT>2016-05-21T02:00:00-00:00</INTERVAL_START_GMT>
<INTERVAL_END_GMT>2016-05-21T03:00:00-00:00</INTERVAL_END_GMT>
<VALUE>51.48</VALUE>
</REPORT_DATA>
<REPORT_DATA>
<DATA_ITEM>SYS_FCST_DA_MW</DATA_ITEM>
<RESOURCE_NAME>VEA-TAC</RESOURCE_NAME>
<OPR_DATE>2016-05-20</OPR_DATE>
<INTERVAL_NUM>22</INTERVAL_NUM>
<INTERVAL_START_GMT>2016-05-21T04:00:00-00:00</INTERVAL_START_GMT>
<INTERVAL_END_GMT>2016-05-21T05:00:00-00:00</INTERVAL_END_GMT>
<VALUE>50.75</VALUE>
</REPORT_DATA>
<REPORT_DATA>
<DATA_ITEM>SYS_FCST_DA_MW</DATA_ITEM>
<RESOURCE_NAME>VEA-TAC</RESOURCE_NAME>
<OPR_DATE>2016-05-20</OPR_DATE>
<INTERVAL_NUM>13</INTERVAL_NUM>
<INTERVAL_START_GMT>2016-05-20T19:00:00-00:00</INTERVAL_START_GMT>
<INTERVAL_END_GMT>2016-05-20T20:00:00-00:00</INTERVAL_END_GMT>
<VALUE>57.08</VALUE>
</REPORT_DATA>
<REPORT_DATA>
<DATA_ITEM>SYS_FCST_DA_MW</DATA_ITEM>
<RESOURCE_NAME>VEA-TAC</RESOURCE_NAME>
<OPR_DATE>2016-05-20</OPR_DATE>
<INTERVAL_NUM>18</INTERVAL_NUM>
<INTERVAL_START_GMT>2016-05-21T00:00:00-00:00</INTERVAL_START_GMT>
<INTERVAL_END_GMT>2016-05-21T01:00:00-00:00</INTERVAL_END_GMT>
<VALUE>55.51</VALUE>
</REPORT_DATA>
<REPORT_DATA>
<DATA_ITEM>SYS_FCST_DA_MW</DATA_ITEM>
<RESOURCE_NAME>VEA-TAC</RESOURCE_NAME>
<OPR_DATE>2016-05-20</OPR_DATE>
<INTERVAL_NUM>16</INTERVAL_NUM>
<INTERVAL_START_GMT>2016-05-20T22:00:00-00:00</INTERVAL_START_GMT>
<INTERVAL_END_GMT>2016-05-20T23:00:00-00:00</INTERVAL_END_GMT>
<VALUE>57.16</VALUE>
</REPORT_DATA>
<REPORT_DATA>
<DATA_ITEM>SYS_FCST_DA_MW</DATA_ITEM>
<RESOURCE_NAME>VEA-TAC</RESOURCE_NAME>
<OPR_DATE>2016-05-20</OPR_DATE>
<INTERVAL_NUM>19</INTERVAL_NUM>
<INTERVAL_START_GMT>2016-05-21T01:00:00-00:00</INTERVAL_START_GMT>
<INTERVAL_END_GMT>2016-05-21T02:00:00-00:00</INTERVAL_END_GMT>
<VALUE>53.25</VALUE>
</REPORT_DATA>
<REPORT_DATA>
<DATA_ITEM>SYS_FCST_DA_MW</DATA_ITEM>
<RESOURCE_NAME>VEA-TAC</RESOURCE_NAME>
<OPR_DATE>2016-05-20</OPR_DATE>
<INTERVAL_NUM>23</INTERVAL_NUM>
<INTERVAL_START_GMT>2016-05-21T05:00:00-00:00</INTERVAL_START_GMT>
<INTERVAL_END_GMT>2016-05-21T06:00:00-00:00</INTERVAL_END_GMT>
<VALUE>47.43</VALUE>
</REPORT_DATA>
<REPORT_DATA>
<DATA_ITEM>SYS_FCST_DA_MW</DATA_ITEM>
<RESOURCE_NAME>VEA-TAC</RESOURCE_NAME>
<OPR_DATE>2016-05-20</OPR_DATE>
<INTERVAL_NUM>14</INTERVAL_NUM>
<INTERVAL_START_GMT>2016-05-20T20:00:00-00:00</INTERVAL_START_GMT>
<INTERVAL_END_GMT>2016-05-20T21:00:00-00:00</INTERVAL_END_GMT>
<VALUE>57.01</VALUE>
</REPORT_DATA>
<REPORT_DATA>
<DATA_ITEM>SYS_FCST_DA_MW</DATA_ITEM>
<RESOURCE_NAME>VEA-TAC</RESOURCE_NAME>
<OPR_DATE>2016-05-20</OPR_DATE>
<INTERVAL_NUM>21</INTERVAL_NUM>
<INTERVAL_START_GMT>2016-05-21T03:00:00-00:00</INTERVAL_START_GMT>
<INTERVAL_END_GMT>2016-05-21T04:00:00-00:00</INTERVAL_END_GMT>
<VALUE>52.21</VALUE>
</REPORT_DATA>
<REPORT_DATA>
<DATA_ITEM>SYS_FCST_DA_MW</DATA_ITEM>
<RESOURCE_NAME>VEA-TAC</RESOURCE_NAME>
<OPR_DATE>2016-05-20</OPR_DATE>
<INTERVAL_NUM>24</INTERVAL_NUM>
<INTERVAL_START_GMT>2016-05-21T06:00:00-00:00</INTERVAL_START_GMT>
<INTERVAL_END_GMT>2016-05-21T07:00:00-00:00</INTERVAL_END_GMT>
<VALUE>44.75</VALUE>
</REPORT_DATA>
</REPORT_ITEM>
<DISCLAIMER_ITEM>
<DISCLAIMER>The contents of these pages are subject to change without notice.  Decisions based on information contained within the California ISO's web site are the visitor's sole responsibility.</DISCLAIMER>
</DISCLAIMER_ITEM>
</RTO>
</MessagePayload>
</OASISReport>
